ENGLISH,ZH-cn,
World Lore,世界知识,
Tactics and Strategy,战术与战略,
Class List,职业列表,
Terrains,地形,
Reference Guide,参考指南,
Tutorial,教程,
Tahnra,塔恩拉,
"Our world. Creation of Donar. The first sapient life were the Earthenfey, who populated our world in its primal state. Now, Tahnra houses Humans, Skyborn, Barek Tor, and Demyrians. Our current story takes place entirely in the Human lands, but there is a vast, rich world beyond our borders.",我们所在的世界。由多纳尔创造。第一个有智慧的生命是大地精灵，他们以原始状态居住在我们的世界。现在，塔恩拉居住着人类、天裔、兽人和矮人。我们这个故事发生在人类的土地上，不过在我们的边界之外还有一个广阔、富饶的世界。,
Empire of Veridia,维尔迪亚帝国,
"The largest, most powerful entity in Tahnra. Its vast territory boasts the richest lands in the world.\\PARIts weakness is its political instability. The ruler is selected by an elective process involving both the nobility and the Temple. This system recently reached a critical failure state, resulting in the War of Veridian Succession.",塔恩拉最辽阔、最强大的国度。其广阔的领土坐拥世界上最富饶的土地。\\PAR弱点是政治动荡。其统治者由贵族和圣殿共同选举选出。不过这个选举体系最近出现了严重问题，引发了维尔迪亚继位战争。,
The Donari Temple,多纳尔圣殿,
"Founded by the Avatar of Donar, legendary hero. It has existed for the last thousand years; indeed its founding marks the beginning of the current Human calendar widely adopted by all the civilizations of Tahnra. \\PARThe city of Lemelin finds the Lemelin Monastery at its center, the highest Temple facility, which houses its Grandmaster and other Temple leadership.",由传说中的英雄，多纳尔的化身所创。圣殿的历史已经有数几千年了。事实上，当前的人类历从圣殿建成之日开始，由塔恩拉的所有文明广泛使用。\\PAR莱梅林修道院坐落于莱梅林市中心，是至高圣殿建筑，也是圣宗和其他圣殿领袖居住的地方。,
War of Veridian Succession,维尔迪亚继位战争,
"Date: Year 969-972\\PARLocation: Veridia Province, Western Sayunaa\\PARBelligerents: Various noble houses from Veridia and Sayunaa, Central Imperial government\\PARResult: Treaty of Trucea. Compromise between feuding nobles, Florina, descendent of House Iblis of Rimorgue, installed as Empress.\\PARTerritory changes: Though House Iblis made marginal gains to the West and South, all territory returned to pre-war borders following the Treaty of Trucea.\\PARCasualties: 124,000 military deaths, 2,000,000 military and civilians injured or displaced\\PARUndoubtedly the greatest disaster in recent memory, this war spiraled out of control with what began as a minor disagreement about the lineage of various possible successors following the untimely death of the former Emperor.",日期：969-972年\\PAR位置：萨育纳西部，维尔迪亚省\\PAR交战方：维尔迪亚和萨育纳的贵族家族，中央帝国政府\\PAR结果：特鲁恰条约。纷争已久的贵族作出让步，里莫格的艾比斯家族之女芙洛里娜因此任命为皇。\\PAR领土变化：尽管艾比斯家族在西南方打下不少领土，但根据特鲁恰条约，全部的边境划分都恢复到战前状态。\\PAR伤亡：12.4万将士牺牲，2百万将士和平民受伤或流离失所。\\PAR这场战争毫无疑问是近来最大的人祸。由于先帝过早驾崩，人们在遴选新帝时对众继位者的血统的看法又有些分歧，事态愈演愈烈，最终一发不可收拾。,
Kingdom of Sayunaa,萨育纳王国,
"This nation spans a sizeable territory in the hot, arid center of the mainland and is surrounded on all sides by treacherous mountains and desert.\\PARSuspicious of outsiders. Boasts a massive reserve of mineral wealth that fuels Sayunaa's power.",这个国家在大陆中心占有了大部分在炎热干旱的土地，被崇山峻岭和沙漠所环绕。\\PAR不信任外地人。由于其丰富的矿产资源储备，萨育纳的实力大幅增长。,
General Antares,安塔瑞斯将军,
"Race: Veridian Human\\PARBirthplace: Armitage\\PARHeight: 6'0''\\PARWeight: 198 lbs\\PARBirth year: 948\\PARGeneral during the War of Veridian Succession, and leader of a Rebellion of his own creation in protest of government overreach.",民族：维尔迪亚人\\PAR出生地：阿米塔吉\\PAR身高：189\\PAR体重：90kg\\PAR出生年：948\\PAR维尔迪亚继位战争大将军，为抗议政府的过度扩张而叛乱，任叛军领袖。,
Squads,小队,
"Your Army is organized into Squads. Squads are comprised of between 1 and 9 units, with one of them serving as the Squad Leader.\\PARSquad Capacity, the ability to include more units and artifacts, is determined by the LDR stat of the Squad Leader.\\PARSquad unit composition determines Squad Type, which affects movement and combat.\\PARUse the 'Organize' command in Home Base and Deployment phases to create, disband, and edit your Squads. You are also able to change class, equipment, traits, and assign Squad Leader.",你的军队分编为各个小队。小队由一名小队长领导，可以有1到9个单位。\\PAR小队规模由队长的统率决定，影响可率领的单位和携带的神器数量。\\PAR小队单位的构成决定小队类型，影响移动和拼杀模式。\\PAR在大本营和部署阶段通过“管理”命令来创建、解散和编辑你的小队。你还可以更改职业、装备、特性，以及委任队长。,
Moving and Attacking,移动和攻击,
"Squads move on the Tactical Map at your command. When first selecting a Squad, you will be given the option to move them to a tile within their movement range.\\PARSquads can attack before OR after moving, but if a Squad attacks, its turn is automatically over. The exception is Cavalry Squads, who can move after attacking.",小队听从你的命令在战术地图上移动。首次点选小队，可以让他们在可移动范围内的格子移动。\\PAR小队在移动前后都可以发动攻击，但是攻击后，小队不会再在当前回合行动。骑兵小队除外，他们在攻击后还可以移动。,
Settlements,驻地,
"Villages, Towns, Castles, and Palaces are Settlements. When captured, these grant you Faction XP and Gold.",村庄、城镇、城堡和宫殿都是驻地。占领后提供阵营经验和金币。,
Mines,矿石,
"Provides resources, including Iron, Gems, Gold, Obsidian, Pyrocite, and Sunstone.",提供资源，包括铁矿、宝石、黄金、黑曜石、火铁矿和日光石。,
Bases,营地,
"Powerful defense bonuses for the gate defender. If one enemy Squad lands on the entrance tile to your Home Base, you will be defeated. Can usually Deploy squads mid-mission from Home Base. -10% damage taken from all attacks to a squad on the Base tile. -40% additional damage taken from range 2+ attacks.",为驻军提供大量防御加成。敌方小队位于在大本营的入口时，你会输掉战斗。大本营通常可以在战斗中部署小队。站在营地的小队受到的攻击伤害-10%，对于从2格外发动的攻击，受到的伤害-40%。,
Forts,堡垒,
Grants a bonus to high ground and evasion to the defender. -10% damage taken from all attacks to a squad on the Fort tile.,为驻军提供高地和闪避加成。对站在堡垒格子的队伍造成的伤害-10%。,
Forests,森林,
Rough Terrain. Ambushable Terrain. Provides a 50% evasion bonus against range2+ archery attacks.,崎岖地形。可以伏击。对于2格外的弓术攻击，提供50%的闪避加成。,
Hills,丘陵,
Rough Terrain. Ambushable Terrain. High Ground.,崎岖地形。可以伏击。高地。,
Allies (Green Army),盟友（绿色军队）,
"Allied Squads will appear in Green on the Tactical Map. Allies move on their own, and will be fighting against the same enemy as you. They cannot attack you, and you cannot attack them.",盟友小队在战术地图上显示为绿色。盟友自行移动，与你一同抗敌。他们不能攻击你，你也不能攻击他们。,
Roads,道路,
Open Terrain. Provides a tile movement bonus.,开阔地形。提供一格移动加成。,
Walls,墙壁,
Special defense Terrain. Provides high ground. Defense bonus vs Squads not on a Wall. Blocks melee attacks from the ground and blocks tile map movement. Can be traversed via a Ramp.,特殊防御地形。提供制高点。对墙下的小队的有防御加成。阻止地面对墙上发动近战攻击，并阻止单位通过。可以从斜坡通过墙壁。,
Cavalry,骑兵,
"If the majority of a Squad's Capacity cost is from Cavalry unit types, it becomes a Cavalry Squad.\\PARCavalry Squads can move faster in 'Open' terrain, and can move after attacking. In the Tactics tech tree, Cavalry can learn how to perform a 'Charge Attack' when moving a large number of tiles in the same turn, and both attacker and defender are in Open Terrain.\\PARCavalry units are all vulnerable to Polearm users, or Hussars, an advanced Light Cavalry Class.'Hit and Run' is a feature of Normal Cavalry and Light Cavalry Squad Types. After taking an action such as attacking or healing, a Cavalry Squad can then move again using half of their original total Movement Points.",如果骑兵单位占用了小队大部分的规模，队伍将成为骑兵小队。\\PAR骑兵小队在“开阔”地形移动得更快，还能在攻击后移动。战术科技树可以赋予骑兵在同一回合跑过大量格子后发动“冲锋攻击”的能力（攻守双方需在开阔地形）。\\PAR骑兵单位被长柄单位和骠骑兵（一种高级轻骑兵）克制。普通骑兵和轻骑兵小队的特性是“打了就跑”，可以在攻击或治疗后再次移动，移动距离是原始总移动点数的一半。,
Stables,马厩,
Provides War Horse resources when captured.,占领后提供战马资源。,
Donari Temples,多纳尔圣殿,
"Visit a Temple to refresh out-of-battle heals, and revive defeated allies, for a gold fee.",在圣殿支付金币可以刷新战斗外的治疗次数，和复活被击败的友军。,
Conscripts and Mercenaries,征召兵和雇佣兵,
"Conscripts are fresh, untrained recruits that are cheap and unlimited. Mercenaries are strong, but expensive, and not as loyal to your cause, but often come with their own gear and special traits.\\PARConscripts are the first 4 slots in the recruiting pool in the Home Base market.",征召兵是未经训练的新兵，价格低廉，可以无限量招募。雇佣兵实力强劲却价格昂贵，而且并不热心于你的事业，不过他们通常都有自己的装备和特性。\\PAR在大本营的募兵市场中的前四行是征召兵。,
Artifacts,神器,
Artifacts modify the entire Squad. Effects can be positive or negative. Up to 3 Artifacts can be equipped on a Squad with full technology.,神器影响整个小队。可以带来正面或负面效果。升满科技的小队最多可以装备3件神器。,
Stealth,潜行,
"Assassins, Rogues, and Stefan's unit Classes are able to execute Stealth attacks. A Stealth attack is achieved when attacking as one of these Classes.\\PARWhen Stealth attacking, your attacks automatically target the back of the enemy formation.\\PAROn defense, these classes attack normally.",刺客、盗贼和斯泰凡能够发动潜行攻击。以上职业在发起攻击时会变为潜行攻击。\\PAR潜行攻击会自动攻击敌人后排。\\PAR这些职业在防守时的攻击方式如常。,
Zanatus,扎纳图斯,
"The demonic being who dominated humanity over 1000 years ago. Is the antithesis of Donar in every way. Origins still unknown, but the best translations and accounts can be summarized in a way that paints Zanatus as something not of this world. Something disturbingly unfamiliar to Donar's creation. Defeated in battle by the Avatar of Donar when stabbed through the heart with the holy blade, Lightfury.",千年前控制人类的邪恶存在。在各个方面都与多纳尔对立。虽然人们不知道它是怎么来的，但是根据最靠谱的翻译和文献来看，扎纳图斯可以概括为不属于这个世界的东西。对多纳尔的子民来说，既陌生又令人感到不安。它在战斗中被多纳尔的化身用圣剑·光明之怒刺穿心脏，从而战败。,
Battle of Mount Ptolomea,托洛米亚山之战,
"Date: Year 0\\PARThe confrontation between Zanatus and the five Nephilim, The Avatar of Donar, Galzus, Landis, Cyrene, and Ishtar. Just before this battle, the Avatar of Donar had lead a resistance effort to attempt to liberate Humanity from Zanatus's tyranny. In the final, desperate moments before ultimate defeat, the five experienced a divine intervention, infusing them with godlike power, divine weapons, and changed them from human to Nephilim by blood. Zanatus was ill-prepared for this, and the Nephilim destroyed the demon with a final blow from Lightfury. Zanatus's armies, who relied completely on the demon's singular leadership, fled in disarray, allowing humanity to break its shackles and win its salvation. Thereafter, the Donari Temple was founded, and the Nephilim canonized as gods.",日期：元年\\PAR扎纳图斯与五位圣灵：多纳尔、盖泽斯、兰迪斯、西兰尼和伊什塔尔的化身对抗。就在这场战斗之前，多纳尔的化身领导了一场抵抗运动，试图将人类从扎纳图斯的暴政中解放出来。五人在即将败北、万念俱灰之时，神赐予他们神一般的力量和神的武器，并改变他们的血脉，将他们从人类变成了圣灵。扎纳图斯没有料到这种情况，被圣灵用光明之怒一击毙命。完全依仗扎纳图斯独领风骚的敌军四散奔逃，人类得以挣脱枷锁，获得救赎。多纳尔圣殿自此建立，圣灵也因此册封为神。,
Donar,多纳尔,
"The creator of Tahnra and all things. Nature unknown, but is the being from which all of the Donari Temple's beliefs evolved. Believed to reside in a higher dimension commonly referred to as the ''Divine Realm''. Thought to have only made its presence known in the mortal realm once, during the intervention against Zanatus, but this is not confirmed. Donar's power has been infused into the divine weapons, and in the bloodline of the Nephilim. Commonly confused with the Avatar of Donar, who is often referred to simply as Donar. In the Temple scriptures, very little distinction is made between the mortal Nephilim who defeated Zanatus, and the creator god of all things. The Avatar of Donar represents the virtue of Truth, and the element of Light.",塔恩拉和万事万物的创始人。虽然不清楚它是什么，但它是多纳尔圣殿所有信仰的起源。据说居住在通常被称为“神界”的更高维度中。人们认为它仅在干预扎纳图斯的时候降临了一次人界，不过这尚未得到证实。多纳尔的力量在神圣武器和圣灵的血脉中流淌。由于多纳尔的化身常常被简称为多纳尔，人们容易将两者与混为一谈。圣殿的圣典似乎没有明显区分打败扎纳图斯的人类圣灵和这位创世之神。多纳尔的化身代表了真理和光。,
"Lightfury, Sword of Donar",多纳尔圣剑·光明之怒,
"Of course the divine weapon of the Avatar of Donar. However, this weapon seems unique among the other divine weapons. Lightfury has existed in Tahnra long before the Battle of Mount Ptolomea. Scholars and theologians have thrown around many beliefs and theories about Lightfury. The prevailing wisdom is that Lightfury is as old as Tahnra itself, and is the personal tool of Donar... his primary way of manifesting in the mortal realm wherever it is needed.",圣灵多纳尔所持有的神器，似乎与其他神兵都不一样。光明之怒很早就出现在了塔恩拉，比托洛米亚山战役还要久远。对于这把圣剑，学者和神学家有各种各样的看法。主流的观点是，光明之怒专属于多纳尔，历史与塔恩拉一样古老……每当人界需要它时，它便会出现。,
Morale,士气,
"Morale is a Squad's fighting spirit. Player Morale, when high, has a chance to trigger extra turns in combat. Player Morale, when low, decreases attack power significantly.\\PAREnemy Morale, when high, increases attack power significantly, Enemy Morale, when low, decreases attack power significantly, and increases the chance they will willfully Surrender.\\PARMorale is mostly affected by battle victories, but can also be increased through relationships, and traits. Morale can be hurt via combat defeats, especially if the Squad leader falls.",士气体现了队伍的战斗欲望。玩家士气高时，拼杀中有机会获得额外战斗轮。玩家士气低时，攻击力显著降低。\\PAR敌人士气高时，攻击力显著增加；敌人士气低时，攻击力显著降低，投降的意愿增加。\\PAR士气主要受战斗影响，也可以通过人物关系和特性来增加。拼杀失败，尤其是当小队长被击败时，可能会降低士气。,
Weather,天气,
"Storm and Blizzards will render Gunners, Dragoons, and Cannons unable to fire, unless you have the 'Breech-Loading Rifle' technology.\\PARHeat Wave can happen in Desert Climates, and causes significant Morale damage to unsheltered squads, unless your Squad is equipped with the 'Desert Warrior' trait.\\PARAll types of Weather have an effect on units depending on their Affinity - see the Quick Reference Guide for Affinity.",在风暴和暴风雪天气中，火枪兵、龙骑兵和大炮需要有“后膛炮”技术才能开火。\\PAR沙漠有热浪，没有“沙漠战士”特性的队伍的士气会受到严重打击，除非躲在有荫蔽的地方。\\PAR所有类型的天气都会根据对单位的亲和力对他们产生影响。更多可在“快速参考指南”>“亲和”查看。,
Bazaars,集市,
Bazaars are tents found on the tactical map. Sells Mercenaries and Artifacts higher in quality and rarity than you can purchase at the Home Base.,集市是显示在战术地图上的帐篷。出售质量和稀有度优于大本营的雇佣兵和神器。,
Tidereaver Pirates,噬浪海贼团,
"A massive, multi-layered organization of outlaws, warlords, raiders, assassins, extortionists, and slave traders who have connections to many government officials world wide.",庞大且等级森严的组织，由不法分子、军阀、掠夺者、刺客、敲诈勒索者和奴隶贩子组成，勾结了世界各地的许多政府官员。,
The Barek Tor,兽人,
"One of the major sapient species of Tahnra outside of the Human realms. Mostly bipedal humanoids who have retained the advantages and drawbacks of their feline ancestors. They boast exceptional agility, night vision, and the ability to dominate the forest landscape far better than Humans. They mostly reside in their home island of Sinarra, a land utterly dominated by the deep jungle.",在人类王国之外的一个塔恩拉智慧物种。大多数双足行走的兽人保留了猫科动物祖先的优缺点。他们十分灵巧，拥有非凡的夜视能力以及远胜于人类的森林生存能力。大多兽人居住在兽人之乡森纳瑞尔岛，一片满是丛林的土地。,
Historium Magnus,《伟大史书》,
"The divine book written after the Battle of Mount Ptolomea, codifying the founding of the Donari Temple. It contains a recounting of the events of the war with Zanatus, the Nephilim and Donar's influence, and of the building of the new Temple and human empires that followed the victory over Zanatus. It is written in a language that has long been nearly extinct.",托洛米亚山战役之后著作的圣典，记载了多纳尔圣殿的成立。书中叙述了与扎纳图斯的战争、圣灵和多纳尔的影响，以及战胜扎纳图斯之后建立新圣殿和人类帝国的事迹。这书所使用的语言早已灭绝。,
Veridian Civil War,维尔迪亚内战,
"Date: Year 997\\PARLocation: Southern Veridia Province\\PARBelligerents: The West comprised of the Duchy of Isanter and the Donari Temple, The East comprised of the Duchy of Rimorgue and the Central Imperial government.\\PARResult: Annihilation of the West and the Duchy of Rimorgue, ascent of the Empire of Archaelus and Emperor Casamir\\PARTerritory changes: The lands of the Donari Temple, Duchy of Rimorgue, and the Duchy of Isanter completely dismanted and absorbed into the Empire of Archaelus\\PARCasualties: 11,000 military deaths",日期：997年\\PAR位置：南维尔迪亚省\\PAR交战方：西边的伊桑特公国和多纳尔圣殿，东边的里莫格公国和中央帝国政府。\\PAR结果：西部势力和里莫格公国全军覆没，阿开勒斯帝国和卡萨米尔皇崛起\\PAR领土变化：多纳尔圣殿、里莫格公国和伊桑特公国完全并入阿开勒斯帝国\\PAR伤亡：1.1万将士牺牲,
Hand of Zanatus,扎纳图斯之手,
"The fully-armored and heavily-armed champion who was unleashed to destroy the Lemelin Monastery. He possesses superhuman strength and magical power, as well as the Blade of Destruction, Balmung, which he wields with unsurpassed skill.",全副武装、身穿重甲的高手，被派遣来摧毁莱梅林修道院。他拥有超人的力量和魔力，手持圣刃·贝尔蒙格，战斗技巧无与伦比。,
Treasures,宝箱,
"By walking any Squad on top of a Treasure on the map, we will automatically open the chest, yielding Gold, Resources, or Equipment. There is no need to execute an extra command, simply walk right on top of it.",派遣队伍走到地图的宝箱上会自动打开宝箱，给与黄金、资源或装备。无需执行额外的命令，只需走到宝箱上即可。,
Empire of Archaelus,萨育纳帝国,
"The current hegemon of the Human world, ruled by Emperor Casamir. Archaelus directly controls all of Veridia and Sandraka nations, and imposes its will over Sayunaa which has become a vassal state. Derives its name from the original Human hegemony that followed the Battle of Mount Ptolomea, which was the first significant Human empire in Tahnra.",人类势力中最强大的国家，统治者是卡萨米尔皇帝。阿开勒斯帝国直接统治着维尔迪亚和桑德拉卡的所有国家，并且操控着附庸国萨育纳。阿开勒斯这个名字源于托洛米亚战役之后的首个超级大国，也是塔恩拉第一个举足轻重的人类帝国。,
Mount Ptolomea,托洛米亚山,
"The tallest mountain in the Human realm, which lies at the heart of the massive mountain ranges separating Veridia from Sayunaa. Pathways to this mountain are far too treacherous for travel by foot, other than one path painstakingly carved out over decades, which is tightly-controlled - its only outlet is to the Imperial Palace at Armitage.\\PARMount Ptolomea was the location of the last stand of humanity in the war against Zanatus, the location of Donar's miracle. Today, atop the summit lies the physical portal to the Divine Realm, which has not budged since its brief opening which allowed the power of Donar to flow into the mortal realm.",人类王国的最高山，位于分隔维尔迪亚和萨育纳的巨大山脉的中心。步行前往这座山太过危险，仅有一条几十年来精心开辟的道路还算安全，不过这条路受到严格控制，其唯一的出路是阿米塔吉皇宫。\\PAR托洛米亚山是人类在对抗扎纳图斯的战争中最后的阵地，是多纳尔显圣的地点。如今，山巅之上有一个通往神界的传送门。它自短暂地开启以来没有换过位置，多纳尔的力量因此流入了凡人世界。,
Nephilim Battlefield Powers,战场的圣灵之力,
"Battlefield skills that can be used at any time, independent of the move/attack turn cycle of our Squads. These powers are charged by the actions and events of the battle, such as dealing or taking damage, time passing, and other triggers.\\PARGalzus's power, Exemplar, reduces damage to one squad by %50, and provokes enemies to attack that squad for one turn. Accumulate this power by taking damage.\\PARLandis's Power, Teleport, teleports one squad up to 5 tiles away without spending movement points or using that squad's turn. Accumulate this power with movement that results in an attack in the same turn.\\PARIshtar's Power, Terror, greatly demoralizes Squads in a 3x3 area of effect. This power accumulates naturally over time.\\PARCyrene's power, Meteor, lands a meteor on a plus-shaped area of effect that damages all units in that squad. Cannot target enemies on Fort or Base tiles. Cannot exceed 50% of MaxHP depleted. Accumulate this power by dealing damage.\\PARDonar's power, Blessing, instantly refreshes one squad that has already spent their movement and/or attack, allowing another full action cycle in the same player phase. Accumulate this power as a sum of all four other Nephilim powers.\\PARTo use, access the ''Powers'' section of the main menu, as pictured above.",可以随时使用的战场技能，不受我方小队的移动/攻击的影响。通过战斗行动和事件充能，例如造成或受到伤害、时间流逝和其他因素。\\PAR盖泽斯的力量“楷模”，将一支队伍受到的伤害降低50%，并使敌人在一个回合内集中攻击这个队伍。充能方式：受到伤害。\\PAR兰迪斯的力量“传送”，在5格范围传送一支小队，不消耗移动点数，不花费该小队的回合。充能方式：移动（队伍需要在同一回合内发动攻击）。\\PAR伊什塔尔的力量“恐怖”，大幅挫败3x3格范围内小队的士气。充能方式：随时间流逝自动充能。\\PAR西兰尼的力量，“流星”，将在十字区域降下流星，对该小队中的所有单位造成伤害。不能以堡垒或营地上的敌人为目标。伤害的最大生命值不能超过50%。充能方式：造成伤害。\\PAR多纳尔的力量“祝福”，立刻刷新已经耗尽移动和攻击的小队，允许小队在该回合再行动一次。充能方式：积累其他四种圣灵力量。\\PAR在主菜单的“力量”部分使用圣灵之力，如上图所示。,
Tech Tree,科技树,
"We should always invest in Technology whenever we can. Tech advances will offer Army-wide benefits of many different types. There are 4 'tiers' of Technology that we can unlock as our faction continues to advance. To unlock technology, we need to level up Faction Rank. With every promotion in Faction Rank, we will be awarded a haul of Tech Points.\\PARAcademy of War focuses mostly on magic, the elements, and certain specialized warriors such as the Paladin, and War Mages.\\PARTactics and Command will advance our ability to field larger, more tactically-advanced armies, and give us certain specific advantages and new classes, such as the Swordmaster and Champion.\\PARCraftsmanship is the direct application of physical sciences to improve our army's weapons and armor.\\PAREach tech branch has its own 'Capstone' technology, which requires a complete fulfillment of all that branch's techs in the first 3 tiers. If you complete two whole tech trees, you can then unlock 'Dual Capstone's, which represent the ultimate in technological advance available.",尽量多投资技术。技术进步将为整个军团带来许多好处。随着我方阵营不断升级，可以解锁4个“层级”的技术。要解锁技术，我们需要升级阵营等级。而提升阵营等级会带来大量的技术点。\\PAR战争学院主要侧重于魔法、元素和某些专业战士，例如圣骑士和战争法师。\\PAR战术和指挥将会让我们有能力部署更多、战术更先进的军队，并为我们提供某些特定优势和新职业，例如剑圣和冠军剑士。\\PAR工艺则会运用物理科学改进我们军队的武器和盔甲。\\PAREach每个科技分支都自己的“顶尖”技术，需要完全点亮该分支前3层的所有技术才能激活。如果你完成了两棵完整的科技树，你就可以解锁“双顶尖”，它代表了可用的技术进步的终极。,
Scions of Dargon,达贡后裔,
"An underground spy organization made up of loyalitsts to the now-deposed Sayunaari monarchy who view the last legitimate monarch as the late King Kasim Dargon, who inherited a broken Sayunaari kingdom after the death of Queen Soha Dargon.",一个地下间谍组织，由忠于现已被废黜的萨育纳君主制的人组成，他们认为最后一位合法君主是已故的达贡国王卡西姆，他在女王索哈·达贡死后继承了一个分崩离析的萨育纳王国。,
The Aetherium Crisis,以太危机,
"Date: Year 876-877\\PARLocation: Empire of Veridia, Kingdom of Sayunaa, Gondwanna Federation\\PARResult: Destruction of Novas Kedah and Ezrum, reform of the Donari Temple\\PARCasualties: 124,000 civilian deaths\\PARThe great tragedy and climax of the last age of Humanity, which spawned incredible heroes and legends, and set the foundation for the modern age.",日期：876-877年\\PAR位置：维尔迪亚帝国、萨育纳王国、冈瓦纳联邦\\PAR结果：诺瓦斯吉达和艾泽拉姆被破坏，多纳尔圣殿改革\\PAR伤亡：12.4万名平民死亡\\PAR这是人类末期的巨大悲剧和高潮，催生了许多不可思议的英雄传说，并为现代奠定了基础。,
XP and CP,XP和CP,
"XP is Experience Points, and CP is Class Points / Class Mastery.\\PARXP is gained from doing battle, defeating any units, or using an XP codex. Units that did not participate in the campaign will also gain a small amount, so that no one is severely left behind. You will always see your XP represented in increments of 100. Get 100 more XP to level up, which will increase your stats.\\PARCP, or Class Points / Class Mastery, is only gained from real combat experience, or using a CP Codex. In order to upgrade classes, you must fill up the CP Bar to ''Max''.",XP是经验值，CP是职业点数/职业精通度。\\PAR经验值可以通过参加战斗、击败单位或使用战斗经验宝典获得。没有参加战斗的单位也将获得少量收益，这样就不会落后太多。一级的经验值最高为100。获得100点或更多经验值来升级，这将增加您的统计数据。\\PAR职业经验，或职业点数/职业精通，只能通过实战拼杀或职业经验宝典获得。职业经验条必须要达到“最大”才能升级。,
Battle of Rimorgue River Valley,里莫格河谷战役,
"Date: Year 999\\PARLocation: Stormrook, Rimorgue, banks of the Herald River\\PARBelligerents: Nephilim Army, Empire of Archaelus and Followers of Zanatus\\PARResult: Decisive Nephilim Army victory, near total destruction of the Empire of Archaelus military forces\\PARTerritory changes: Nephilim Army annexes Stormrook, Rimorgue, Fort Eureeka\\PARCasualties: 6,000 military deaths",日期：999年\\PAR位置：风鸦堡、里莫格、先驱河岸\\PAR交战方：圣灵军团，阿开勒斯帝国和扎纳图斯信徒\\PAR结果：圣灵军团取得了决定性的胜利，几乎彻底摧毁了阿开勒斯帝国的军事力量\\PAR领土变化:圣灵军团攻占了风鸦堡、里莫格、尤里卡堡\\PAR伤亡：6千名将士战死,
Nephilim Millennium War,圣灵千年战争,
"Date: Year 997-999\\PARLocation: Veridia, Sayunaa, and Sandraka\\PARBelligerents: Nephilim Army vs Empire of Archaelus, Followers of Zanatus, with Kingdom of Sayunaa changing alliances\\PARResult: Utter defeat and unconditional surrender of the Empire of Archaelus.\\PARTerritory changes: All territory under the provisional military government\\PARCasualties: 25,000 military deaths\\PARA struggle that will sound through the ages as a climactic point in history. Starting just from a small hideout, the Avatar of Donar built an army and dismantled the Empire of Archaelus piece by piece with stunning efficiency until the death of Emperor Casamir finally led to the end of the war.\\PARHistorians look at the staggering disparity in power between the beginnings of the war, and conclude that the Nephilim Army's victory can be attributed to several factors that crippled Archaelus Imperial war efforts. Casamir's ability to directly administer most elements of his government was minimal throughout his reign, making his role largely ceremonial. The institutional power lied with the Followers of Zanatus, who committed massive resources and manpower to the dismantling of the Donari Temple, the child abduction and reeducation efforts, and the domestic campaign to root out potential enemies of the state. For much of year 999, the Nephilim Army was merely a minor nuissance to Imperial leadership, only registering as a threat when it was far too late to turn the tide.",日期：997-999年\\PAR位置：维尔迪亚、萨育纳和桑德拉卡\\PAR交战方：圣灵军团对战阿开勒斯帝国、扎纳图斯信徒，萨育纳王国倒戈\\PAR结果：阿开勒斯帝国被彻底击败，无条件投降。\\PAR领土变化：全境临时军政府\\PAR伤亡：2.5万将士牺牲\\PARA此战会在史书留下浓重的一笔，传遍千古。从一个小藏身处开始，多纳尔的化身建立了一支军队，并以惊人的效率一点一点地摧毁了阿开勒斯帝国，直到卡萨米尔皇帝的死最终导致战争结束。\\PAR历史学家们研究了战争开始时的惊人的力量差距，并得出结论，圣灵军团军队的胜利是削弱阿开勒斯帝国战争努力的几个主要因素。卡萨米尔在其统治期间的管理能力简直微乎其微，使得他的角色更像是一个花瓶。机构权力掌握在扎纳图斯的追随者手中，他们投入了大量资源和人力来推翻多纳尔圣殿、绑架儿童和再教育工作，以及铲除国家潜在敌人的国内运动。在999年的大部分时间里，圣灵军团军队对帝国领导层来说只是一个小麻烦，只有在力挽狂澜为时已晚时才被视为威胁。,
Character stat: STR (Strength),角色数据：力量,
"Determines ability to deal physical damage, also offers some physical resistance. Influences Dragon breath damage.",决定物理伤害，影响物理抵抗。影响龙息伤害。,
Character stat: SKL (Skill),角色数据：灵巧,
"Determines hit rate, critical hits, evasion, and glancing blows.",决定命中率、暴击率、闪避率和斜射率。,
Character stat: MAG (Magic),角色数据：魔法,
Affects ability to deal Magic damage and healing power. Also determines Magic Defense. Influences Dragon breath damage.,影响魔法伤害和治疗能力。决定魔法防御。影响龙息伤害。,
Character stat: LDR (Leadership),角色数据：统率,
Determines Squad Capacity. Capacity determines how many units and artifacts can be added to a Squad.,确定小队规模。小队规模决定了小队可以有多少单位和神器。,
Affinity,亲和,
"Every unit in Tahnra is born with Affinity. These include, in order of most common to least common: Earth, Water, Lightning, Fire, Darkness, and Light.",塔恩拉中的每个单位都具有亲和力。按最常见到最不常见的顺序排列为：地、水、雷、火、暗、光。,
"Bond, Family, Friendship",羁绊，家庭，友谊,
"Characters start with, and can further develop Friendships, Deep Bonds, and even become Family, through Home Base Conversations.\\PARThese grant mutual bonuses to Morale when within 3 tiles of each other.",角色结识后可以通过在大本营对话来进一步发展友谊、建立深厚的羁绊，甚至成为家人。\\PAR角色距离在3格之内提供士气加成。,
Character stat: Armor,角色数据：护甲,
"Determines physical damage mitigation. Is largely determined by what class a unit currently is, rather than growths over time.",决定减少多少受到的物理伤害。很大程度上取决于单位目前的职业，而不是随着时间的推移而增长。,
Surrenders and Force Surrender Tactic,降兵和强迫投降,
"Force Surrender is a type of attack you can use, which gives the target a chance to Surrender. If this ask fails and the enemy refuses, battle will start, and you will lose your first volley. Any enemies destroyed in this attack will have a second chance to surrender.\\PARSurrender is a greater victory than outright destroying an enemy Squad. We will get a gold bounty at the end of the Chapter in exchange for the Prisoners of War captured via Surrenders, in addition to some Faction Rank XP.",强迫投降是一种攻击类型，它使目标有机会投降。如果敌人拒绝投降，拼杀就会开始，而且我方无法发动第一轮攻击。在这次拼杀中击败的敌人有第二次投降的机会。\\PAR劝降比直接摧毁敌方小队的好处更多。章节结束时，玩家会因为敌人赎回战俘而获得黄金奖励，以及部分阵营等级经验。,
Class: Fighter,职业：勇士,
Can be a Squad Leader: No\\PARTier: 1\\PARUnit Type: Heavy Infantry\\PARMovement Type: Normal\\PARResources Required: -\\PARBattle Actions: 2 Slashing attacks at 1 range\\PARSpecial: -,可以担任队长：否\\PAR职阶：1\\PAR单位类型：重步兵\\PAR移动类型：正常\\PAR需要资源：无\\PAR战斗行动：在1格范围内挥砍2次\\PAR特色：无,
Class: Bowman,职业：射手,
"Can be a Squad Leader: No\\PARTier: 1\\PARUnit Type: Archery\\PARMovement Type: Normal\\PARResources Required: -\\PARBattle Actions: 2 Bow attacks at 1 range, or 1 Arced Bow attack at 2 range\\PARSpecial: -",可以担任队长：否\\PAR职阶：1\\PAR单位类型：弓兵\\PARM移动类型：正常\\PAR需要资源：无\\PAR战斗行动：在1格范围内弓箭攻击2次，或在2格范围内扫射1次\\PAR特色： 无,
Class: Militia,职业：民兵,
"Can be a Squad Leader: No\\PARTier: 1\\PARUnit Type: Light Infantry\\PARMovement Type: Light\\PARResources Required: -\\PARBattle Actions: 2 Slashing attacks at 1 range\\PARSpecial: Increased evasion in woods, townscape, hills, and swamp",可以担任队长：否\\PAR职阶：1\\PAR单位类型：轻步兵\\PAR移动类型：轻型\\PAR需要资源：无\\PAR战斗行动：在1格范围内挥砍2次\\PAR特色：增加在树林、城镇景观、丘陵和沼泽的闪避,
Class: Medic,职业：医疗兵,
Can be a Squad Leader: No\\PARTier: 1\\PARUnit Type: Support\\PARMovement Type: Slow\\PARResources Required: -\\PARBattle Actions: 1 Heal of the weakest ally\\PARSpecial: Can use a Squad's turn to heal members of an adjacent Squad,可以担任队长：否\\PAR职阶：1\\PAR单位类型：辅助\\PAR移动类型：慢速\\PAR需要资源：无\\PAR战斗行动：治疗1名最虚弱的友军\\PAR特色：小队可以使用一回合来治疗相邻小队的成员,
Class: Soldier,职业：士兵,
Can be a Squad Leader: Yes\\PARTier: 2\\PARUnit Type: Heavy Infantry\\PARMovement Type: Normal\\PARResources Required: 1 Iron\\PARBattle Actions: 2 Slashing attacks at 1 range\\PARSpecial: -,可以担任队长：是\\PAR职阶：2\\PAR单位类型：重步兵\\PAR移动类型：普通\\PAR需要资源：1铁\\PAR战斗行动：在1格范围内挥砍2次\\PAR特色：无,
Class: Spearman,职业：矛兵,
"Can be a Squad Leader: Yes\\PARTier: 2\\PARUnit Type: Heavy Infantry\\PARMovement Type: Normal\\PARResources Required: 1 Iron\\PARBattle Actions: 2 Polearm attacks at 1 range\\PARSpecial: +15% Damage Dealt if adjacent to another Polearm user in the same row, +35% Damage dealt to Cavalry units",可以担任队长：是\\PAR职阶：2\\PAR单位类型：重步兵\\PAR移动类型：普通\\PAR需要资源：1铁\\PAR战斗行动：在1格范围内使用长柄攻击2次\\PAR特色：如果在同一排与一个长柄单位相邻，则造成+15%的伤害。对骑兵单位造成+35%的伤害,
Class: Acolyte,职业：侍僧,
Can be a Squad Leader: Yes\\PARTier: 2\\PARUnit Type: Heavy Infantry\\PARMovement Type: Normal\\PARResources Required: 1 Iron\\PARBattle Actions: 2 Striking attacks at 1 range\\PARSpecial: Resists Magic and Dragon Breath attacks by 25% of this unit's Armor value,可以担任队长：是\\PAR职阶：2\\PAR单位类型：重步兵\\PAR移动类型：普通\\PAR需要资源：1铁\\PAR战斗行动：在1格范围内攻击2次\\PAR特色：该单位的25%护甲值会减免魔法和龙息攻击,
Class: Cavalier,职业：骑兵,
"Can be a Squad Leader: Yes\\PARTier: 2\\PARUnit Type: Heavy Cavalry\\PARMovement Type: Fast\\PARResources Required: 1 Iron, 1 Horse\\PARBattle Actions: 2 Slashing attacks at 1 range\\PARSpecial: On offense, if Squad moved maximum possible range, this unit's 1st attack is a 'Charge Attack' which can Stun the target",可以担任队长：是\\PAR职阶：2\\PAR单位类型：重骑兵\\PAR移动类型：快速\\PAR需要资源：1铁，1马\\PAR战斗行动：在1格范围内挥砍2次\\PAR特色：进攻时，如果小队移动到最远的可移动范围，该单位的第一次攻击是“冲锋攻击”，可以击晕目标,
Class: Skirmisher,职业：散兵,
"Can be a Squad Leader: Yes\\PARTier: 2\\PARUnit Type: Light Infantry\\PARMovement Type: Light\\PARResources Required: -\\PARBattle Actions: 2 Slashing attacks at 1 range\\PARSpecial: Increased evasion in woods, townscape, hills, and swamp",可以担任队长：是\\PAR职阶：2\\PAR单位类型：轻步兵\\PAR移动类型：轻型\\PAR需要资源：无\\PAR战斗行动：在1格范围内挥砍2次\\PAR特色：增加在树林、城镇景观、丘陵和沼泽的闪避,
Class: Rogue,职业：盗贼,
"Can be a Squad Leader: Yes\\PARTier: 2\\PARUnit Type: Light Infantry\\PARMovement Type: Light\\PARResources Required: -\\PARBattle Actions: On Offense, 1 Stealth Attack at 1 range, followed by 1 Slashing attack at 1 range. On Defense, 2 Slashing attacks at 1 range\\PARSpecial: When on Offense, first attack can hit the back row of the target Squad with increased damage",可以担任队长：是\\PAR职阶：2\\PAR单位类型：轻步兵\\PAR移动类型：轻型\\PAR需要资源：无\\PAR战斗行动：进攻时，在1格范围内发动1次潜行攻击，然后在1格范围内挥砍1次。防御时，在1格范围内挥砍2次\\PAR特色：进攻时，第一次攻击可以击中后排并造成更高伤害,
Class: Swordfighter,职业：剑客,
Class: Scout,职业：斥候,
"Can be a Squad Leader: Yes\\PARTier: 2\\PARUnit Type: Light Cavalry\\PARMovement Type: Light, Fast\\PARResources Required: 1 Horse\\PARBattle Actions: 2 Polearm attacks at 1 range\\PARSpecial: On offense, if Squad moved maximum possible range, this unit's 1st attack is a 'Charge Attack' which can Stun the target, +35% Damage dealt to Cavalry units. Increased evasion in woods, townscape, hills, and swamp. +50% Evasion on offense.",可以担任队长：是\\PAR职阶：2\\PAR单位类型：轻骑兵\\PAR移动类型：轻型、快速\\PAR需要资源：1马\\PAR战斗行动：对1格范围发动2次长柄攻击\\PAR特色：进攻时，如果小队移动到最远的可移动范围，该单位的第一次攻击是可以击晕目标的“冲锋攻击”。对骑兵单位造成+35%的伤害。增加在树林、城镇景观、丘陵和沼泽中的闪避。进攻时，+50%闪避。,
Class: Archer,职业：弓兵,
"Can be a Squad Leader: Yes\\PARTier: 2\\PARUnit Type: Archery\\PARMovement Type: Normal\\PARResources Required: -\\PARBattle Actions: 2 Bow attacks at 1 range, or 1 Arced Bow attack at 2 range\\PARSpecial: -",可以担任队长：是\\PAR职阶：2\\PAR单位类型：弓兵\\PARM移动类型：正常\\PAR需要资源：无\\PAR战斗行动：在1格范围内弓箭攻击2次，或在2格范围内扫射1次\\PAR特色： 无,
Class: Crossbowman,职业：弩手,
"Can be a Squad Leader: Yes\\PARTier: 2\\PARUnit Type: Archery\\PARMovement Type: Normal\\PARResources Required: 1 Iron\\PARBattle Actions: 2 Bow attacks at 1 range, or 1 Arced Bow attack at 2 range\\PARSpecial: Attacks ignore 25% of Armor, damage derived from Weapon Power, not STR",可以担任队长：是\\PAR职阶：2\\PAR单位类型：弓兵\\PARM移动类型：普通\\PAR需要资源：1铁\\PAR战斗行动：在1格范围内弓箭攻击2次，或在2格范围内弓箭攻击1次\\PAR特色：攻击无视25%的护甲，伤害由武器威力决定，而不是力量,
Class: Horsebow,职业：弓骑兵,
"Can be a Squad Leader: Yes\\PARTier: 2\\PARUnit Type: Archery\\PARMovement Type: Light, Fast\\PARResources Required: 1 Horse\\PARBattle Actions: 2 Bow attacks at 1 range, or 1 Arced Bow attack at 2 range\\PARSpecial:  +50% Evasion on offense.",可以担任队长：是\\PAR职阶：2\\PAR单位类型：弓兵\\PARM移动类型：轻型、快速\\PAR需要资源：1马\\PAR战斗行动：在1格范围内弓箭攻击2次，或在2格范围内扫射1次\\PAR特色：进攻时闪避+50%。,
Class: Priestess,职业：女祭司,
Can be a Squad Leader: Yes\\PARTier: 2\\PARUnit Type: Support\\PARMovement Type: Slow\\PARResources Required: 1 Gem\\PARBattle Actions: 1 Heal of the weakest ally\\PARSpecial: Can use a Squad's turn to heal members of an adjacent Squad,可以担任队长：是\\PAR职阶：2\\PAR单位类型：辅助\\PAR移动类型：缓慢\\PAR需要资源：1宝石\\PAR战斗行动：治疗1名最虚弱的友军\\PAR特色：小队可以使用一回合来治疗相邻小队的成员,
Class: Apprentice,职业：学徒,
Can be a Squad Leader: Yes\\PARTier: 2\\PARUnit Type: Magician\\PARMovement Type: Slow\\PARResources Required: 1 Gem\\PARBattle Actions: 1 Fire Magic attacks at 1 range\\PARSpecial: -,可以担任队长：是\\PAR职阶：2\\PAR单位类型：法师\\PAR移动类型：缓慢\\PAR需要资源：1宝石\\PAR战斗行动：对1格范围发动1次火焰魔法攻击\\PAR特色：无,
Class: Siren,职业：女巫,
"Can be a Squad Leader: Yes\\PARTier: 2\\PARUnit Type: Magician\\PARMovement Type: Slow\\PARResources Required: 1 Gem\\PARBattle Actions: 1 Dark Magic attack 1 range\\PARSpecial: Chance to Stun or Daze targets. Daze lowers enemy STR for the duration of the battle, while Stun completely negates one enemy turn",可以担任队长：是\\PAR职阶：2\\PAR单位类型：法师\\PAR移动类型：缓慢\\PAR需要资源：1宝石\\PAR战斗行动：对1格范围使用暗魔法攻击1次\\PAR特色：有机会击晕或迷惑目标。被迷惑的敌人的力量会在战斗期间降低，被击晕的敌人在1个回合内无法动弹,
Class: Sentinel,职业：卫兵,
"Can be a Squad Leader: Yes\\PARTier: 3\\PARUnit Type: Heavy Infantry\\PARMovement Type: Normal\\PARResources Required: 3 Iron\\PARBattle Actions: 2 Polearm attacks at 1 range\\PARSpecial: +15% Damage Dealt if adjacent to another Polearm user in the same row, -50% damage taken from Firearm attacks, +35% Damage dealt to Cavalry units",可以担任队长：是\\PAR职阶：3\\PAR单位类型：重步兵\\PAR移动类型：普通\\PAR需要资源：3铁\\PAR战斗行动：在1格范围内使用长柄攻击2次\\PAR特色：如果在同一排与一个长柄单位相邻，则造成+15%的伤害。受到火器攻击的伤害-50%。对骑兵单位造成+35%的伤害,
Class: Champion,职业：冠军剑士,
"Can be a Squad Leader: Yes\\PARTier: 3\\PARUnit Type: Heavy Infantry\\PARMovement Type: Normal\\PARResources Required: 2 Iron, 2 Obsidian\\PARBattle Actions: 2 Slashing double-attacks at 1 range\\PARSpecial: -",可以担任队长：是\\PAR职阶：3\\PAR单位类型：重步兵\\PAR移动类型：普通\\PAR需要资源：2铁，2黑曜石\\PAR战斗行动：在1格范围内双重挥砍2次\\PAR特色：无,
Class: Zweihander,职业：双手剑士,
Can be a Squad Leader: Yes\\PARTier: 3\\PARUnit Type: Heavy Infantry\\PARMovement Type: Normal\\PARResources Required: 2 Iron\\PARBattle Actions: 2 Wide-sweeping Slashing attacks at 1 range\\PARSpecial: Attacks deal splash damage to 1 tile adjacent to the target in the same row,可以担任队长：是\\PAR职阶：3\\PAR单位类型：重步兵\\PAR移动类型：普通\\PAR需要资源：2铁\\PAR战斗行动：在1格范围内大范围挥砍2次\\PAR特色：攻击对相邻1格的同排敌人造成溅射伤害,
Class: Centurion,职业：百夫长,
"Can be a Squad Leader: Yes\\PARTier: 3\\PARUnit Type: Heavy Infantry\\PARMovement Type: Normal\\PARResources Required: 2 Iron, 2 Obsidian\\PARBattle Actions: 2 Piercing Polearm attacks at 1 range\\PARSpecial: Attacks deal splash damage to 1 tile behind the target, +15% Damage dealt if adjacent to another Polearm user in the same row, +35% Damage dealt to Cavalry units",可以担任队长：是\\PAR职阶：3\\PAR单位类型：重步兵\\PAR移动类型：普通\\PAR需要资源：2铁，2黑曜石\\PAR战斗行动：在1格范围内发动2次长柄穿刺\\PAR特色：攻击对目标后方1格造成溅射伤害。如果在同一排与一个长柄单位相邻，则造成+15%的伤害。对骑兵单位造成+35%的伤害,
Class: Samurai,职业：武士,
"Can be a Squad Leader: Yes\\PARTier: 3\\PARUnit Type: Heavy Infantry\\PARMovement Type: Normal\\PARResources Required: 2 Iron\\PARBattle Actions: 2 Polearm attacks at 1 range, or 1 Arced Bow attack at 2 range\\PARSpecial: 15% Polearm Damage dealt if adjacent to another Polearm user in the same row, +35% Polearm Damage dealt to Cavalry units. 35% more base Evasion than other Heavy classes",可以担任队长：是\\PAR职阶：3\\PAR单位类型：重步兵\\PAR移动类型：普通\\PAR需要资源：2铁\\PAR战斗行动：在1格范围内长柄攻击2次，或在2格范围内扫射1次\\PAR特色：如果在同一排与一个长柄单位相邻，则造成+15%的伤害。对骑兵单位造成+35%的长柄伤害。基础闪避比其他重型职业高35%,
Class: Paladin,职业：圣骑士,
"Can be a Squad Leader: Yes\\PARTier: 3\\PARUnit Type: Heavy Infantry\\PARMovement Type: Normal\\PARResources Required: 2 Iron, 1 Sunstone\\PARBattle Actions: 2 Striking attacks at 1 range, or 1 Striking attack and 1 heal if an ally is below %50 HP\\PARSpecial: Resists Magic and Dragon Breath attacks by 25% of this unit's Armor value",可以担任队长：是\\PAR职阶：3\\PAR单位类型：重步兵\\PAR移动类型：普通\\PAR需要资源：2铁，1日光石\\PAR战斗行动：在1格范围内攻击2次；如果友军的生命值低于50%，则攻击1次、治疗1次\\PAR特色：该单位的25%护甲值会减免魔法和龙息攻击,
Class: Knight,职业：骑士,
"Can be a Squad Leader: Yes\\PARTier: 3\\PARUnit Type: Heavy Cavalry\\PARMovement Type: Fast\\PARResources Required: 2 Iron, 1 Obsidian, 1 Horse\\PARBattle Actions: 2 Slashing attacks with splash damage to adjacent targets at 1 range\\PARSpecial: On offense, if Squad moved maximum possible range, this unit's 1st attack is a 'Charge Attack' which can Stun the target",可以担任队长：是\\PAR职阶：3\\PAR单位类型：重骑兵\\PAR移动类型：快速\\PAR需要资源：2铁、1黑曜石、1马\\PAR战斗行动：在1格范围内挥砍2次并对相邻目标造成溅射伤害\\PAR特色：进攻时，如果小队移动到最远的可移动范围，该单位的第一次攻击是“冲锋攻击”，可以击晕目标,
Class: Valkyrie,职业：女武神,
"Can be a Squad Leader: Yes\\PARTier: 3\\PARUnit Type: Heavy Cavalry\\PARMovement Type: Fast\\PARResources Required: 2 Iron, 1 Sunstone, 1 Horse\\PARBattle Actions: 2 Slashing attacks at 1 range, or 1 Slashing attack and 1 heal if an ally is below %50 HP\\PARSpecial: On offense, if Squad moved maximum possible range, this unit's 1st attack is a 'Charge Attack' which can Stun the target, Resists Magic and Dragon Breath attacks by 25% of this unit's Armor value",可以担任队长：是\\PAR职阶：3\\PAR单位类型：重骑兵\\PAR移动类型：快速\\PAR需要资源：2铁、1日光石、1马\\PAR战斗行动：在1格范围内挥砍2次；如果有友军生命值低于50%，则治疗1次、重击1次\\PAR特色：进攻时，如果小队移动到最远的可移动范围，该单位的首次攻击是“冲锋攻击”，能够击晕目标。该单位的25%护甲值会减免魔法和龙息攻击,
Class: Ranger,职业：游侠,
"Can be a Squad Leader: Yes\\PARTier: 3\\PARUnit Type: Light Infantry\\PARMovement Type: Light\\PARResources Required: -\\PARBattle Actions: 1 Crossbow attack at 1 range followed by 1 Slashing attack at 1 range\\PARSpecial: Crossbow attack bypasses enemy Cover and Block from formations. Increased evasion in woods, townscape, hills, and swamp",可以担任队长：是\\PAR职阶：3\\PAR单位类型：轻步兵\\PAR移动类型：轻型\\PAR需要资源：无\\PAR战斗行动：对1格范围弩箭攻击1次，挥砍1次\\PAR特色：弩箭攻击不受敌人队伍的掩护和阻挡影响。增加在树林、城镇景观、丘陵和沼泽的闪避,
Class: Assassin,职业：刺客,
"Can be a Squad Leader: Yes\\PARTier: 3\\PARUnit Type: Light Infantry\\PARMovement Type: Light\\PARResources Required: 2 Obsidian\\PARBattle Actions: On Offense, 1 Stealth Attack at 1 range, followed by 1 Slashing attack at 1 range. On Defense, 2 Slashing attacks at 1 range\\PARSpecial: When on Offense, first attack can hit the back row of the target Squad with increased damage",可以担任队长：是\\PAR职阶：3\\PAR单位类型：轻步兵\\PAR移动类型：轻型\\PAR需要资源：2黑曜石\\PAR战斗行动：进攻时，在1格范围内发动1次潜行攻击，然后在1格范围内挥砍1次。防御时，在1格范围内挥砍2次\\PAR特色：进攻时，第一次攻击可以击中后排并造成更高伤害,
Class: Swordmaster,职业：剑圣,
"Can be a Squad Leader: Yes\\PARTier: 3\\PARUnit Type: Light Infantry\\PARMovement Type: Light\\PARResources Required: 1 Iron, 2 Obsidian\\PARBattle Actions: 2 Slashing double-attacks at 1 range\\PARSpecial: Increased evasion in woods, townscape, hills, and swamp",可以担任队长：是\\PAR职阶：3\\PAR单位类型：轻步兵\\PAR移动类型：轻型\\PAR需要资源：1铁，2黑曜石\\PAR战斗行动：在1格范围内双重攻击2次\\PAR特色：增加在树林、城镇景观、丘陵和沼泽的闪避,
Class: Hussar,职业：骠骑兵,
"Can be a Squad Leader: Yes\\PARTier: 3\\PARUnit Type: Light Cavalry\\PARMovement Type: Light, Fast\\PARResources Required: 2 Iron, 1 Horse\\PARBattle Actions: 2 Polearm attacks at 1 range\\PARSpecial: On offense, if Squad moved maximum possible range, this unit's 1st attack is a 'Charge Attack' which can Stun the target, +35% Damage dealt to Cavalry units. Increased evasion in woods, townscape, hills, and swamp.  +50% Evasion on offense.",可以担任队长：是\\PAR职阶：3\\PAR单位类型：轻骑兵\\PAR移动类型：轻型、快速\\PAR需要资源：2铁，1马\\PAR战斗行动：对1格范围发动2次长柄攻击\\PAR特色：进攻时，如果小队移动到最远的可移动范围，该单位的第一次攻击是可以击晕目标的“冲锋攻击”。对骑兵单位造成+35%的伤害。增加在树林、城镇景观、丘陵和沼泽中的闪避。进攻时，+50%闪避。,
Class: Warbow,职业：战弓手,
"Can be a Squad Leader: Yes\\PARTier: 3\\PARUnit Type: Archery\\PARMovement Type: Normal\\PARResources Required: 2 Obsidian\\PARBattle Actions: 2 Bow attacks at 1 range, or 1 Arced Bow attack at 2 or 3 range\\PARSpecial: -",可以担任队长：是\\PAR职阶：3\\PAR单位类型：弓兵\\PAR移动类型：普通\\PAR需要资源：2黑曜石\\PAR战斗行动：在1格范围内弓箭攻击2次，或在2-3格范围内扫射1次\\PAR特色：无,
Class: Raider,职业：骑射手,
"Can be a Squad Leader: Yes\\PARTier: 3\\PARUnit Type: Archery\\PARMovement Type: Light, Fast\\PARResources Required: 1 Iron, 1 Horse\\PARBattle Actions: 2 Bow attacks at 1 range, or 1 Arced Bow attack at 2 range\\PARSpecial:  +50% Evasion on offense.",可以担任队长：是\\PAR职阶：3\\PAR单位类型：弓兵\\PAR移动类型：轻型、快速\\PAR需要资源：1铁，1马\\PAR战斗行动：在1格范围内弓箭攻击2次，或在2格范围内扫射1次\\PAR特色：进攻时闪避+50%。,
Class: Gunner,职业：火枪兵,
"Can be a Squad Leader: Yes\\PARTier: 3\\PARUnit Type: Firearms\\PARMovement Type: Normal\\PARResources Required: 2 Iron, 1 Pyrocite\\PARBattle Actions: 1 Gun attack at 1 range\\PARSpecial: Attacks ignore 75% of Armor, damage derived from Weapon Power and not STR.",可以担任队长：是\\PAR职阶：3\\PAR单位类型：火器\\PAR移动类型：普通\\PAR需要资源：2铁，1火铁矿\\PAR战斗行动：对1格范围枪击1次\\PAR特色：攻击无视75%的护甲，伤害由武器威力决定，而不是力量,
Class: Dragoon,职业：龙骑兵,
"Can be a Squad Leader: Yes\\PARTier: 3\\PARUnit Type: Firearms\\PARMovement Type: Fast\\PARResources Required: 2 Iron, 1 Pyrocite, 1 Horse\\PARBattle Actions: 1 Gun attack at 1 range\\PARSpecial: Attacks ignore 75% of Armor, damage derived from Weapon Power and not STR.",可以担任队长：是\\PAR职阶：3\\PAR单位类型：火器\\PAR移动类型：快速\\PAR需要资源：2铁，1火铁矿，1马\\PAR战斗行动：对1格范围枪击1次\\PAR特色：攻击无视75%的护甲，伤害由武器威力决定，而不是力量,
Class: Siege Cannon,职业：攻城炮,
"Can be a Squad Leader: Yes\\PARTier: 3\\PARUnit Type: Firearms\\PARMovement Type: Normal\\PARResources Required: 3 Iron, 1 Pyrocite, 1 Horse\\PARBattle Actions: On Offense, 1 Explosive Cannon attack at 1, 2, or 3 range\\PARSpecial: Deals Splash damage to surrounding tiles. Attacks ignore 75% of Armor, damage derived from Weapon Power and not STR. Cannot counter-attack.",可以担任队长：是\\PAR职阶：3\\PAR单位类型：火器\\PAR移动类型：普通\\PAR需要资源：3铁，1火铁矿，1马\\PAR战斗行动：进攻时，用火炮对1、2或3格范围发动1次爆炸攻击\\PAR特色：对周围的格子造成溅射伤害。攻击无视75%的护甲，伤害由武器威力决定，而不是力量无法反击。,
Class: Templar,职业：圣疗者,
"Can be a Squad Leader: Yes\\PARTier: 3\\PARUnit Type: Support\\PARMovement Type: Slow\\PARResources Required: 1 Sunstone, 1 Gems\\PARBattle Actions: 2 Heals of the weakest ally\\PARSpecial: Can use a Squad's turn to heal members of an adjacent Squad",可以担任队长：是\\PAR职阶：3\\PAR单位类型：辅助\\PAR移动类型：缓慢\\PAR需要资源：1日光石，1宝石\\PAR战斗行动：治疗2名最虚弱的友军\\PAR特色：小队可以使用一回合来治疗相邻小队的成员,
Class: Hospitaller,职业：疗骑士,
"Can be a Squad Leader: Yes\\PARTier: 2\\PARUnit Type: Support\\PARMovement Type: Fast\\PARResources Required: 1 Gems, 1 Horse\\PARBattle Actions: 1 Heal of the weakest ally\\PARSpecial: Can use a Squad's turn to heal members of an adjacent Squad",可以担任队长：是\\PAR职阶：2\\PAR单位类型：辅助\\PAR移动类型：快速\\PAR需要资源：1宝石，1马\\PAR战斗行动：治疗1名最虚弱的友军\\PAR特色：小队花费一回合来治疗相邻小队的成员,
Class: Fire Mage,职业：火法师,
"Can be a Squad Leader: Yes\\PARTier: 3\\PARUnit Type: Magician\\PARMovement Type: Slow\\PARResources Required: 2 Gems, 1 Sunstone\\PARBattle Actions: 1 Wide-sweeping Fire Magic attacks at 1 range\\PARSpecial: Does full damage to the entire target Row",可以担任队长：是\\PAR职阶：3\\PAR单位类型：法师\\PAR移动类型：缓慢\\PAR需要资源：2宝石，1日光石\\PAR战斗行动：对1格范围用火焰魔法扫击1次\\PAR特色：无整排敌人造成全额伤害,
Class: Ice Mage,职业：冰法师,
"Can be a Squad Leader: Yes\\PARTier: 3\\PARUnit Type: Magician\\PARMovement Type: Slow\\PARResources Required: 2 Gems, 1 Sunstone\\PARBattle Actions: 1 Explosive Ice Magic attacks at 1 range\\PARSpecial: Does splash damage to a large diamond-shaped area around the target and inflicts the Chill status effect, which significantly lowers enemy SKL for the duration of the battle",可以担任队长：是\\PAR职阶：3\\PAR单位类型：法师\\PAR移动类型：缓慢\\PAR需要资源：2宝石，1日光石\\PAR战斗行动：对1格范围用冰魔法发动1次爆炸攻击\\PAR特色：对目标的前后左右造成溅射伤害并造成寒冷状态效果，在战斗期间显著降低敌方灵巧值,
Class: Lightning Mage,职业：雷法师,
"Can be a Squad Leader: Yes\\PARTier: 3\\PARUnit Type: Magician\\PARMovement Type: Slow\\PARResources Required: 2 Gems, 1 Sunstone\\PARBattle Actions: 1 Column-Piercing Lightning Magic attacks at 1 range\\PARSpecial: Does full damage to the entire target column, has a chance to inflict Daze, which lowers STR for the duration of the battle, or a small chance to inflict Stun, which completely negates one enemy turn",可以担任队长：是\\PAR职阶：3\\PAR单位类型：法师\\PAR移动类型：缓慢\\PAR需要资源：2宝石，1日光石\\PAR战斗行动：对1格范围用闪电魔法对1列发动穿刺\\PAR特色：对整列敌人造成全额伤害，有几率迷惑敌人并在战斗期间降低敌人力量；或者有小几率造成击晕敌人，使敌人无法行动一回合,
Class: Sorceress,职业：女术士,
"Can be a Squad Leader: Yes\\PARTier: 3\\PARUnit Type: Magician\\PARMovement Type: Slow\\PARResources Required: 2 Gems\\PARBattle Actions: 1 Explosive Dark Magic attacks 1 range\\PARSpecial: Does splash damage to a large diamond-shaped area around the target. Chance to Stun or Daze targets. Daze lowers enemy STR for the duration of the battle, while Stun completely negates one enemy turn",可以担任队长：是\\PAR职阶：3\\PAR单位类型：法师\\PAR移动类型：缓慢\\PAR需要资源：2宝石\\PAR战斗行动：对1格范围用黑魔法发动1次爆炸攻击\\PAR特色：对目标的前后左右造成溅射伤害。有机会击晕或迷惑目标。被迷惑的敌人的力量会在战斗期间降低，被击晕的敌人在1个回合内无法动弹,
Class: Drakeling,职业：幼龙幼龙,
Can be a Squad Leader: No\\PARTier: 1\\PARUnit Type: Dragon\\PARMovement Type: Normal\\PARResources Required: \\PARBattle Actions: 2 Dragon Breath attacks at 1 range\\PARSpecial: Dragon breath damage is derived from both STR and MAG in equal effect.,可以担任队长：否\\PAR职阶：1\\PAR单位类型：龙\\PAR移动类型：普通\\PAR需要资源：\\PAR战斗行动：对1格范围发动2次龙息攻击\\PAR特色：龙息伤害由力量和魔法共同决定，两者比重相同。,
"Attack Types, Armor, Bonuses and Effectiveness",攻击类型、护甲、加成和效果,
"Warfare in the battlefields of Symphony of War are based around Armor. How to get more of it, or how to bypass it. Armor is advanced enough in this era that it is very effective against traditional attacks from melee weapons and bows, but offer little protection against Firearms and Magic.\\PARThe importance of Armor, which is highest in Heavy Infantry and Heavy Cavalry, is clearly represented in the militaries of Tahnra, who by and large invest a majority of their army sizes into Heavy units, with Archery being a common suppliment.\\PARA clever commander can easily think of ways to shake up the warfare meta-game of modern Tahnra, be it with ambushes by Light Squads, shocking Cavalry Charge attacks, or brute forcing through Armor with Firearms, Magicians, or Dragons.\\PARLight and Medium armor classes comprise everything not part of the Heavy Infantry or Heavy Cavalry Unit Types. Light Infantry, Light Cavalry, Archery, and Firearms Units are Medium Armor, while Support and Magicians are Light Armor. There are no special modifiers for attacks against these classes. They simply have significantly less Armor value than Heavy units.",战争交响曲战场上的战争以护甲为基础。关键在于如何获得更多护甲，并无视敌人护甲。在这个时代，护甲已经先进到可以有效地防御诸如近战武器和弓箭的传统攻击了，不过却基本无法抵抗火器和魔法。\\PAR护甲对重步兵和重骑兵来说至关重要，其效果可以直观的体现在战斗中。在塔恩拉，军队通常以重型部队为主，弓兵为辅。\\PARA聪明的指挥官可以轻松想出扭转塔恩拉战局的方法，无论是用轻型小队伏击、骑兵冲锋攻击，还是用火器、魔法师或龙的蛮力，都能强行突破装甲。\\PAR除了重型步兵或重型骑兵以外的单位都采用轻甲和中甲。轻步兵、轻骑兵、弓兵和火器单位是中甲，而辅助和法师是轻甲。没有专门克制这些职业的单位。而它们的护甲值也明显低于重型单位。,
Movement Types,移动类型,
"Squad movement is derived from the units within it. Majority movement type of the squad almost always determines Squad movement type. In the case of a tie, it follows a hierarchy. Flying > Slow > Normal > Fast. Meaning, a tie between Flying units and other movement types will always create a Flying Squad. (Some units cancel flying movement. These include any Cavalry, Siege Cannons, or non-flying Dragons.) Conversely, a tie between Fast movement unit types and all other types will never create a Fast Movement type Squad.\\PARThis is the baseline Movement and terrain costs, which can and will be modified by a variety of factors, such as Squad Unit Type, Leadership aspects and traits, and Artifact aspects.",队伍的移动模式由队伍内的单位决定。一般来说，队伍内占多数的移动类型决定整支队伍的移动类型。如果出现数量相同的情况，则遵循这个原则：飞行>慢速>正常>快速。也就是说，飞行单位和其他移动类型持平时，队伍一定会是飞行小队。（一些单位会抵消飞行，包括骑兵、攻城炮或不能飞行的龙。） 相反，快速和别的类型之间持平时，小队的移动类型一定不是快速。\\PAR移动类型会决定基本移动和地形花费，其他影响移动的因素有：小队单位类型、统率和特性，以及神器等。,
Unit Types,单位类型,
"Squad Type is derived from the units within it. Majority Unit type of the squad almost always determines Squad Type. In the case of a tie, it follows a hierarchy. Normal Infantry > Normal Cavalry > Light > Light Cavalry. Meaning, a tie between Normal units and other unit types will always create a Normal Infantry Squad. Conversely, a tie between Light Cavalry unit types and all other types will never create a Light Cavalry Squad Type.\\PARSquad Type's primary function is to determine which Squads get the significant benefit of being considered a 'Light' Type Squad, which grants the ability to conduct Ambushes, and lowers Movement cost of Rough terrain to 2.4 from 3.\\PARAmbushes are tremendously powerful if executed. Your Light Type Squad must start their turn in Woods, Hills, Swamp, Town tiles, and some field Objectives, and attack a target also inside Ambush territory or directly adjacent. If you execute an Ambush, the enemy cannot counter attack on the first volley, only on the 2nd.\\PAR'Hit and Run' is a feature of Normal Cavalry and Light Cavalry Squad Types. After taking an action such as attacking or healing, a Cavalry Squad can then move again using half of their original total Movement Points.",小队类型由小队内部的单位决定。队伍内占多数的单位类型决定整支队伍的类型。如果出现数量相同的情况，则遵循这个原则：普通步兵>普通骑兵>轻骑兵>轻骑兵。也就是说，普通单位和其他单位持平时，小队类型一定是普通步兵。相反，轻骑兵单位和其他类型持平时，小队类型一定不会是轻骑兵。\\PAR小队类型的主要用来判定谁会成为“轻型”并获得优势。轻型小队可以伏击敌人，在崎岖地形的移动花费为2.4而不是3。\\PAR伏击用起来是十分强大的。轻型小队必须在树林、丘陵、沼泽、城镇地块和一些野外建筑开始回合，并攻击也在伏击地区内的或直接相邻的目标。发动伏击时，敌人无法反击第一轮攻击，只能在反击第二轮。\\PAR“打了就跑”是普通骑兵和轻骑兵小队类型的特性。在攻击或治疗后可以再次移动，移动距离是其原始总移动点数的一半。,
Learnable Trait List (Unit level),可学特性（单位）,
"These Traits are always active and apply only to the Unit. There are more traits, but they are tied to a class or a unique character. All of these traits can either be learned via Skill Tomes, or are innate Traits on randomly-generated Units.\\PAR",这些特性长期有效，仅适用于单位。特性不止这些，不过其他特性与职业或独特角色绑定。可以通过技能书学习获得特性，随机生成的单位也可能会自带特性。\\PAR,
Learnable Trait List (Leader level),可学特性（队长）,
"These Traits can be found on any Unit, but are only active if that Unit is a Squad Leader. There are more traits, but they are tied to a class or a unique character. All of these traits can either be learned via Skill Tomes, or are innate Traits on randomly-generated Units.\\PAR",任何单位都可以有这些特性，但仅当单位为队长时才会启用。特性不止这些，不过其他特性与职业或独特角色绑定。可以通过技能书学习获得特性，随机生成的单位也可能会自带特性。\\PAR,
Loyalty,忠诚,
"Determines Capacity cost. Only applies to followers, not leaders. Mercenaries start with the lowest loyalty, for example. Loyalty is gained over time through combat experience and capturing objectives.",确定规模花费。仅适用队伍成员，队长不占规模。例如，雇佣兵的忠诚度最低。随着时间的推移，忠诚度可以通过拼杀和攻占建筑获得。,
Threat Rating,威胁等级,
"An overall rating of the Threat level of your Units and Squads. Affects enemy decision making - they are less likely to target Squads with higher Threat. Also affects Surrender chance. If your Threat Rating is lower than the Squad being targeted, they will not Surrender.",威胁等级是对你的部队和小队的威胁程度的总体评价。由于敌人会避免攻击威胁度高的小队，威胁等级会影响敌人的决策，也会影响投降的概率。如果我方队伍的威胁等级低于敌方，敌人将不会投降。,
Block (formation),阻挡（编队）,
"All units block allies from melee attacks when they are anywhere in the formation behind the blocking unit. Note, this is reversed for stealth/back attacks. The scope of blocking includes tiles in the same column, OR in the half-step columns directly above and below the blocking unit. Non-melee attacks are exempt from being blocked.",前方的友军单位会阻挡敌人的近战攻击。请注意，这与潜行/后排攻击相反。只要在同一列都可以阻挡。非近战攻击不会被挡住。,
Cover (formation),掩护（编队）,
"Heavy Infantry, Heavy Cavalry, Light Infantry, Light Cavalry, and Dragons can Cover allies based on formation. Being 'covered' reduces damage taken. The area/range of effect is the same as Blocking, but the scope or magnitude of the damage reduction varies. Heavy units confer more damage reduction than light units. The closer the proximity to the Covering unit, the greater the damage reduction. Cover can 'stack' if covered by more than one unit.",根据编队情况，重步兵、重骑兵、轻步兵、轻骑兵和龙可以掩护盟友。受“掩护”的单位受到的伤害会减少。其影响范围与阻挡相同，但伤害减免的范围和幅度不同。重型单位比轻型单位提供更多的伤害减免。距离掩护单位越近，伤害减免越大。多个单位的掩护可以累积。,
Capacity,规模,
"Squad Capacity determines how many units and artifacts can comprise a squad. It is derived directly from the LDR stat of the Squad Leader. The default capacity cost of a unit is 10, and is modified by loyalty traits, or 'captain' leader traits. The cost of new units entering a squad increases to a baseline of 12 for the 6th unit, 14 for the 7th unit, 16 for the 8th unit, and 18 for the 9th unit.",小队规模决定了小队可以有多少单位和神器。规模直接受队长的统率影响。一个单位的默认规模为10，并受到忠诚度特征或队长的“队长”特性影响。编入新单位的所需规模会逐渐增加，第6个单位为12点，第7个单位为14点，第8个单位为16点，第9个单位为18点。,
Status Effects,状态效果,
Chill: Greatly reduces SKL for the duration of battle.\\PARDazed: Reduces STR for the duration of battle.\\PARStun: Magical stun inflicted by Sirens and Sorceresses. Prevents action.\\PARShock: Physical stun inflicted by Cavalry Charge.,寒冷：灵巧在战斗期间大幅度降低。\\PAR迷惑：力量在战斗期间降低。\\PAR击晕：女巫和女术士用魔法击晕敌人。不能行动。\\PAR冲击：骑兵冲锋造成的物理眩晕。,
(Formation) Row,（编队）排,
"Side to side, from your Squad's perspective. The attack pattern of Zweihanders, Diana, and Fire Mages.",从小队的视角来看，横着为一排。双手剑士、戴安娜和火法师的攻击方式。,
(Formation) Column,（编队）列,
"Front to back, from your Squad's perspective. The attack pattern of Centurions, and Lightning Mages.",从小队的视角来看，竖着为一列。百夫长和雷法师的攻击方式。,
Shuffle,换位,
Swap the position of 2 player Squads. This will consume the action of the Squad initiating the Shuffle for that turn.\\PARCavalry and Flying Squads cannot participate in a Shuffle.,交换2个玩家小队的位置。换位后，小队在当前回合无法继续行动。\\PAR骑兵和飞行小队无法换位。,
Ambush,伏击,
"Ambushes are tremendously powerful if executed. Your Light Type Squad must start their turn in Woods, Hills, Swamp, Town tiles, and some field Objectives, and attack a target also inside Ambush territory or directly adjacent. If you execute an Ambush, the enemy cannot counter attack on the first volley, only on the 2nd, giving you one free attack.",伏击是十分强大的攻击模式。轻型小队必须在树林、丘陵、沼泽、城镇地块和一些野外建筑开始回合，并攻击也在伏击地区内或直接相邻的目标。伏击时，敌人只能在第二轮交战中反击，也就是说第一轮交战不会损血。,
Surround (Lowering enemy Morale tactic),包围（降低敌人士气）,
"You can significantly lower enemy Morale by surrounding an enemy squad, standing directly adjacent. The effect starts when you have 2 squads adjacent, and increases effect when you have 3, and 4 for maximum effect.",站在敌方小队旁边来包围他们可以显著降低敌方士气。需要有至少2个小队与敌人相邻才能发动包围，有3个小队时效果增加，4个小队时效果最大。,
Class: Dragon,职业：龙,
Can be a Squad Leader: No\\PARTier: 2\\PARUnit Type: Dragon\\PARMovement Type: Normal\\PARResources Required: \\PARBattle Actions: 2 Fire Dragon Breath attacks at 1 range\\PARSpecial: Dragon breath damage is derived from both STR and MAG in equal effect.,可以担任队长：否\\PAR职阶：2\\PAR单位类型：龙\\PAR移动类型：普通\\PAR需要资源：\\PAR战斗行动：对1格范围使用火焰龙息攻击2次\\PAR特色：龙息伤害由力量和魔法共同决定，两者比重相同。,
Class: Blue Dragon,职业：蓝龙,
Can be a Squad Leader: No\\PARTier: 3\\PARUnit Type: Dragon\\PARMovement Type: Normal\\PARResources Required: \\PARBattle Actions: 2 Lightning Dragon Breath attacks at 1 range\\PARSpecial: Dragon breath damage is derived from both STR and MAG in equal effect.,可以担任队长：否\\PAR职阶：3\\PAR单位类型：龙\\PAR移动类型：普通\\PAR需要资源：\\PAR战斗行动：对1格范围使用雷电龙息攻击2次\\PAR特色：龙息伤害由力量和魔法共同决定，两者比重相同。,
Class: Silver Dragon,职业：银龙,
Can be a Squad Leader: No\\PARTier: 3\\PARUnit Type: Dragon\\PARMovement Type: Normal\\PARResources Required: \\PARBattle Actions: 2 Ice Dragon Breath attacks at 1 range\\PARSpecial: Dragon breath damage is derived from both STR and MAG in equal effect.,可以担任队长：否\\PAR职阶：3\\PAR单位类型：龙\\PAR移动类型：普通\\PAR需要资源：\\PAR战斗行动：对1格范围使用寒冰龙息攻击2次\\PAR特色：龙息伤害由力量和魔法共同决定，两者比重相同。,
Class: Red Dragon,职业：红龙,
Can be a Squad Leader: No\\PARTier: 3\\PARUnit Type: Dragon\\PARMovement Type: Normal\\PARResources Required: \\PARBattle Actions: 2 Fire Dragon Breath attacks at 1 range\\PARSpecial: Dragon breath damage is derived from both STR and MAG in equal effect.,可以担任队长：否\\PAR职阶：3\\PAR单位类型：龙\\PAR移动类型：普通\\PAR需要资源：\\PAR战斗行动：对1格范围使用火焰龙息攻击2次\\PAR特色：龙息伤害由力量和魔法共同决定，两者比重相同。,
Class: Blue Dragon Rider,职业：蓝龙骑士,
"Can be a Squad Leader: Yes\\PARTier: 4\\PARUnit Type: Dragon\\PARMovement Type: Flying\\PARResources Required: 2 Gems, 2 Obsidian\\PARBattle Actions: 2 Lightning Dragon Breath attacks at 1 range\\PARSpecial: Dragon breath damage is derived from both STR and MAG in equal effect.",可以担任队长：是\\PAR职阶：4\\PAR单位类型：龙\\PAR移动类型：飞行\\PAR需要资源：2宝石，2黑曜石\\PAR战斗行动：对1格范围使用雷电龙息攻击2次\\PAR特色：龙息伤害由力量和魔法共同决定，两者比重相同。,
Class: Silver Dragon Rider,职业：银龙骑士,
"Can be a Squad Leader: Yes\\PARTier: 4\\PARUnit Type: Dragon\\PARMovement Type: Flying\\PARResources Required: 2 Gems, 2 Obsidian\\PARBattle Actions: 2 Ice Dragon Breath attacks at 1 range\\PARSpecial: Dragon breath damage is derived from both STR and MAG in equal effect.",可以担任队长：是\\PAR职阶：4\\PAR单位类型：龙\\PAR移动类型：飞行\\PAR需要资源：2宝石，2黑曜石\\PAR战斗行动：对1格范围使用寒冰龙息攻击2次\\PAR特色：龙息伤害由力量和魔法共同决定，两者比重相同。,
Class: Red Dragon Rider,职业：红龙骑士,
"Can be a Squad Leader: Yes\\PARTier: 4\\PARUnit Type: Dragon\\PARMovement Type: Flying\\PARResources Required: 2 Gems, 2 Obsidian\\PARBattle Actions: 2 Fire Dragon Breath attacks at 1 range\\PARSpecial: Dragon breath damage is derived from both STR and MAG in equal effect.",可以担任队长：是\\PAR职阶：4\\PAR单位类型：龙\\PAR移动类型：飞行\\PAR需要资源：2宝石，2黑曜石\\PAR战斗行动：对1格范围使用火焰龙息攻击2次\\PAR特色：龙息伤害由力量和魔法共同决定，两者比重相同。,
Class: Captain,职业：队长,
Can be a Squad Leader: Yes\\PARTier: 2\\PARUnit Type: Heavy Infantry\\PARMovement Type: Normal\\PARResources Required:\\PARBattle Actions: 2 Slashing attacks at 1 range\\PARSpecial: Gains a small amount of LDR from entire army's LDR gains,可以担任队长：是\\PAR职阶：2\\PAR单位类型：重步兵\\PAR移动类型：正常\\PAR需要资源：不适用\\PAR战斗行动：在1格范围内挥砍2次\\PAR特色：根据整个军团获得的统率来获得少量统率,
Class: Lord,职业：领主,
"Can be a Squad Leader: Yes\\PARTier: 3\\PARUnit Type: Heavy Infantry\\PARMovement Type: Normal\\PARResources Required:\\PARBattle Actions: 1 MAG-based Area effect attack, and 1 Slashing attack at 1 range\\PARSpecial: Gains a small amount of LDR from entire army's LDR gains",可以担任队长：是\\PAR职阶：3\\PAR单位类型：重步兵\\PAR移动类型：正常\\PAR需要资源：不适用\\PAR战斗行动：发动1次魔法范围攻击，并在1格范围内挥砍1次\\PAR特色：根据整个军团获得的统率来获得少量统率,
Class: Blademaster,职业：刀剑大师,
"Can be a Squad Leader: Yes\\PARTier: 3\\PARUnit Type: Light Infantry\\PARMovement Type: Light\\PARResources Required:\\PARBattle Actions: 2 Slashing double-attacks at 1 range OR 1 archery attack at 2 range\\PARSpecial: Increased evasion in woods, townscape, hills, and swamp",可以担任队长：是\\PAR职阶：3\\PAR单位类型：轻步兵\\PAR移动类型：轻型\\PAR需要资源：不适用\\PAR战斗行动：在1格范围内双重挥砍2次，或者在2格范围内弓术攻击1次\\PAR特色：增加在树林、城镇景观、丘陵和沼泽的闪避,
Class: Exemplar,职业：楷模,
"Can be a Squad Leader: Yes\\PARTier: 3\\PARUnit Type: Heavy Infantry\\PARMovement Type: Normal\\PARResources Required:\\PARBattle Actions: 2 Striking, wide-sweeping at 1 range that strike an entire row\\PARSpecial: Resists Magic and Dragon Breath attacks by 25% of this unit's Armor value",可以担任队长：是\\PAR职阶：3\\PAR单位类型：重步兵\\PAR移动类型：正常\\PAR需要资源：不适用\\PAR战斗行动：对1格范围发动2次扫荡攻击，攻击一整排的敌人\\PAR特色：该单位的25%护甲值会减免魔法和龙息攻击,
Class: General,职业：将军,
Can be a Squad Leader: Yes\\PARTier: 3\\PARUnit Type: Support\\PARMovement Type: Cavalry\\PARResources Required:\\PARBattle Actions: 1 moderate heal that affects the entire Squad\\PARSpecial:,可以担任队长：是\\PAR职阶：3\\PAR单位类型：辅助\\PAR移动类型：骑兵\\PAR需要资源：不适用\\PAR战斗行动：治疗整支小队1次，治疗量适中\\PAR特色：,
Class: Mirage,职业：幻影,
Can be a Squad Leader: Yes\\PARTier: 3\\PARUnit Type: Light Infantry\\PARMovement Type: Light\\PARResources Required: \\PARBattle Actions: 3 Stealth Attacks at 1 range\\PARSpecial:,可以担任队长：是\\PAR职阶：3\\PAR单位类型：轻步兵\\PAR移动类型：轻型\\PAR需要资源：不适用\\PAR战斗行动：对1格范围发动3次潜行攻击\\PAR特色：,
Class: Arbalest,职业：钢弩,
"Can be a Squad Leader: Yes\\PARTier: 3\\PARUnit Type: Archery\\PARMovement Type: Normal\\PARResources Required: 3 Iron\\PARBattle Actions: 2 Bow attacks at 1 range, or 1 Arced Bow attack at 2 range\\PARSpecial: Attacks ignore 25% of Armor, damage derived from Weapon Power, not STR -25% damage taken from ranged attacks",可以担任队长：是\\PAR职阶：3\\PAR单位类型：弓兵\\PAR移动类型：普通\\PAR需要资源：3铁\\PAR战斗行动：在1格范围内弓箭攻击2次，或在2格范围内扫射1次\\PAR特色：攻击无视25%的护甲，伤害由武器威力决定，而不是力量 敌方远程攻击对其造成伤害-25%,
Class: War Cat,职业：战猫,
"Can be a Squad Leader: No\\PARTier: 2\\PARUnit Type: Beast\\PARMovement Type: Light\\PARResources Required: \\PARBattle Actions: 2 Wide-sweeping Slashing attacks at 1 range\\PARSpecial: Attacks deal splash damage to 1 tile adjacent to the target in the same row, can attack across walls",可以担任队长：否\\PAR职阶：2\\PAR单位类型：野兽\\PAR移动类型：轻型\\PAR需要资源：不适用\\PAR战斗行动：在1格范围内大范围挥砍2次\\PAR特色：攻击对相邻1格的同排敌人造成溅射伤害,能越墙进攻
Class: Behemoth,职业：巨兽,
"Can be a Squad Leader: No\\PARTier: 3\\PARUnit Type: Beast\\PARMovement Type: Light\\PARResources Required: \\PARBattle Actions: 2 Wide-sweeping Slashing attacks at 1 range\\PARSpecial: Attacks deal splash damage to 1 tile adjacent to the target in the same row, can attack across walls",可以担任队长：否\\PAR职阶：3\\PAR单位类型：野兽\\PAR移动类型：轻型\\PAR需要资源：不适用\\PAR战斗行动：在1格范围内大范围挥砍2次\\PAR特色：攻击对相邻1格的同排敌人造成溅射伤害,能越墙进攻
Class: Necromancer,职业：亡灵法师,
"Can be a Squad Leader: Yes\\PARTier: 3\\PARUnit Type: Magician\\PARMovement Type: Slow\\PARResources Required: Use 'Mark of the Risen' Item\\PARBattle Actions: 1 Lifestealing dark magic attack\\PARSpecial: Presence increases accumulation of Unlife Essence, overhealing self via lifesteal can potentially heal allies",可以担任队长：是\\PAR职阶：3\\PAR单位类型：法师\\PAR移动类型：缓慢\\PAR需要资源：复苏者之印\\PAR战斗行动：1次生命偷窃的暗魔法攻击\\PAR特色：在场可以增加死灵元素的积累，生命窃取治愈自己溢出的部分有可能治疗队友。,
Class: Risen Spearman,职业：复苏矛兵,
"Can be a Squad Leader: No\\PARTier: 1\\PARUnit Type: Undead\\PARMovement Type: Normal\\PARResources Required: \\PARBattle Actions: 2 Piercing Polearm attacks at 1 range\\PARSpecial: Cannot heal, slowly accumulates Unlife Essence, can stack up to 3 minions per unit",可以担任队长：否\\PAR职阶：1\\PAR单位类型：亡灵\\PAR移动类型：普通\\PAR需要资源：不适用\\PAR战斗行动：在1格范围内发动2次长柄攻击\\PAR特色：无法被治疗，缓慢积累死灵元素，每单位可以堆叠至3仆从,
Class: Risen Soldier,职业：复苏士兵,
"Can be a Squad Leader: No\\PARTier: 1\\PARUnit Type: Undead\\PARMovement Type: Normal\\PARResources Required: \\PARBattle Actions: 2 Slashing attacks at 1 range\\PARSpecial: Cannot heal, slowly accumulates Unlife Essence, can stack up to 3 minions per unit",可以担任队长：否\\PAR职阶：1\\PAR单位类型：亡灵\\PAR移动类型：普通\\PAR需要资源：不适用\\PAR战斗行动：在1格范围内挥砍2次\\PAR特色：无法被治疗，缓慢积累死灵元素，每单位可以堆叠至3仆从,
Class: Risen Swordsman,职业：复苏剑士,
"Can be a Squad Leader: No\\PARTier: 1\\PARUnit Type: Undead\\PARMovement Type: Normal\\PARResources Required: \\PARBattle Actions: 2 Slashing attacks at 1 range\\PARSpecial: Cannot heal, slowly accumulates Unlife Essence, can stack up to 3 minions per unit",可以担任队长：否\\PAR职阶：1\\PAR单位类型：亡灵\\PAR移动类型：普通\\PAR需要资源：不适用\\PAR战斗行动：在1格范围内挥砍2次\\PAR特色：无法被治疗，缓慢积累死灵元素，每单位可以堆叠至3仆从,
Class: Risen Archer,职业：复苏弓兵,
"Can be a Squad Leader: No\\PARTier: 1\\PARUnit Type: Undead\\PARMovement Type: Normal\\PARResources Required: \\PARBattle Actions:  2 Bow attacks at 1 range, or 1 Arced Bow attack at 2 range\\PARSpecial: Cannot heal, slowly accumulates Unlife Essence, can stack up to 3 minions per unit",可以担任队长：否\\PAR职阶：1\\PAR单位类型：亡灵\\PAR移动类型：普通\\PAR需要资源：不适用\\PAR战斗行动：在1格范围内弓箭攻击2次，或在2格范围内扫射1次\\PAR特色：无法被治疗，缓慢积累死灵元素，每单位可以堆叠至3仆从,
Class: Risen Warrior,职业：复苏战士,
"Can be a Squad Leader: No\\PARTier: 1\\PARUnit Type: Undead\\PARMovement Type: Normal\\PARResources Required: \\PARBattle Actions: 2 Slashing attacks at 1 range\\PARSpecial: Cannot heal, slowly accumulates Unlife Essence, can stack up to 3 minions per unit",可以担任队长：否\\PAR职阶：1\\PAR单位类型：亡灵\\PAR移动类型：普通\\PAR需要资源：不适用\\PAR战斗行动：在1格范围内双重挥砍2次\\PAR特色：无法被治疗，缓慢积累死灵元素，每单位可以堆叠至3仆从,
Class: Risen Knight,职业：复苏骑士 ,
"Can be a Squad Leader: No\\PARTier: 1\\PARUnit Type: Undead\\PARMovement Type: Normal\\PARResources Required: \\PARBattle Actions: 2 Slashing attacks at 1 range\\PARSpecial: Cannot heal, slowly accumulates Unlife Essence",可以担任队长：否\\PAR职阶：1\\PAR单位类型：亡灵\\PAR移动类型：普通\\PAR需要资源：不适用\\PAR战斗行动：在1格范围内挥砍2次\\PAR特色：无法被治疗，缓慢积累死灵元素,
Class: Risen Archmage,职业：复苏大法师,
"Can be a Squad Leader: No\\PARTier: 1\\PARUnit Type: Undead\\PARMovement Type: Normal\\PARResources Required: \\PARBattle Actions: 1 Wide-sweeping Fire Magic attacks at 1 range\\PARSpecial: Cannot heal, slowly accumulates Unlife Essence",可以担任队长：否\\PAR职阶：1\\PAR单位类型：亡灵\\PAR移动类型：普通\\PAR需要资源：不适用\\PAR战斗行动：对1格范围用火焰魔法大范围扫击1次\\PAR特色：无法被治疗，缓慢积累死灵元素,
Class: Queen of Dragons,职业：龙族女王,
"Can be a Squad Leader: Yes\\PARTier: 4\\PARUnit Type: Dragon\\PARMovement Type: Flying\\PARResources Required: \\PARBattle Actions: 2 Ice Dragon Breath attacks at 1 range, full squad heal available as needed\\PARSpecial: Dragon breath damage is derived from both STR and MAG in equal effect.",可以担任队长：是\\PAR职阶：4\\PAR单位类型：龙\\PAR移动类型：飞行\\PAR需要资源：不适用\\PAR战斗行动：对1格范围使用寒冰龙息攻击2次，按需发动全队治疗\\PAR特色：龙息伤害由力量和魔法共同决定，两者比重相同。,
Class: Oracle,职业：神谕者,
"Can be a Squad Leader: Yes\\PARTier: 3\\PARUnit Type: Support\\PARMovement Type: Slow\\PARResources Required: 1 Sunstone, 1 Gems\\PARBattle Actions: 1 shield granted to entire squad\\PARSpecial:",可以担任队长：是\\PAR职阶：3\\PAR单位类型：辅助\\PAR移动类型：缓慢\\PAR需要资源：1日光石，1宝石\\PAR战斗行动：给予整队一面护盾\\PAR特色：无,
Class: Field Cannon,职业：野战炮,
"Can be a Squad Leader: Yes\\PARTier: 3\\PARUnit Type: Firearms\\PARMovement Type: Horse\\PARResources Required: 2 Iron, 2 Pyrocite, 2 Horse\\PARBattle Actions: On Offense, 1 Explosive Cannon attack at 1, 2, or 3 range\\PARSpecial: Deals Splash damage to surrounding tiles. Attacks ignore 75% of Armor, damage derived from Weapon Power and not STR. Cannot counter-attack.",可以担任队长：是\\PAR职阶：3\\PAR单位类型：火器\\PAR移动类型：快速\\PAR需要资源：2铁，2火铁矿，2马\\PAR战斗行动：进攻时，用火炮对1、2或3格范围发动1次爆炸攻击\\PAR特色：对周围的格子造成溅射伤害。攻击无视75%的护甲，伤害由武器威力决定，而不是力量。无法反击。,
Class: Dark Mage,职业：暗法师,
Can be a Squad Leader: Yes\\PARTier: 3\\PARUnit Type: Magician\\PARMovement Type: Slow\\PARResources Required: Use 'Defiled Donari Tome' Item\\PARBattle Actions: 1 Explosive Dark Magic attacks 1 range\\PARSpecial: Does splash damage to a large diamond-shaped area around the target. Chance to supress healing on targets hit,可以担任队长：是\\PAR职阶：3\\PAR单位类型：法师\\PAR移动类型：缓慢\\PAR需要资源：被亵渎的多纳尔教圣典\\PAR战斗行动：对1格范围用黑魔法发动1次爆炸攻击\\PAR特色：对目标的前后左右造成溅射伤害。有概率压制被击中目标的治疗,
Undead units and Unlife Essence,亡灵单位与死灵元素,
"Risen units are considered Undead.  Risen cannot be healed by conventional means, or revived at a temple. All Risen accumulate a resource called Unlife Essence, which is displayed visually in battle under the Morale bar. When the Unlife Essence bar is full, a new Risen unit will be summoned into your squad. Unlife Essence accumulates slowly by dealing damage, and quickly by killing enemies. Surrender does not accumulate any Unlife Essence. The presence of a Necromancer greatly increases the accumulation of Unlife Essence. At the beginning of player phase, Risen you start the mission with will automatically regenerate to one stack if killed. Necromancers will summon one Risen stack if there are fewer Risen than Necromancers at the start of Player Phase.",复苏单位被视作亡灵单位的一种。复苏单位不能用常规方法进行治疗，也不能在圣殿复活。所有的复苏单位都会积累一种名为死灵元素的资源，在战场上，它的指示计位于士气条下方。当死灵元素条充满时，一个新的复苏单位就会被召唤到你的小队中。死灵元素可以通过造成伤害来缓慢积累，或通过击杀敌人来快速积累。招降不会增长死灵元素。亡灵法师在场会极大增进死灵元素的积累。在玩家回合开始时，你一上来就有的复苏单位如果阵亡，会立即自动再生为1层状态。如果在玩家回合开始时，场上的复苏单位数量小于亡灵法师的数量，亡灵法师会召唤1层复苏单位。,
"Can be a Squad Leader: Yes\\PARTier: 3\\PARUnit Type: Magician\\PARMovement Type: Slow\\PARResources Required: Use 'Defiled Donari Tome' Item\\PARBattle Actions: 1 Explosive Dark Magic attacks 1 range\\PARSpecial: Does splash damage to a large diamond-shaped area around the target. Lowers effectiveness of heals, Mage and Dragon attacks.",,可以担任队长：是\\PAR职阶：3\\PAR单位类型：法师\\PAR移动类型：缓慢\\PAR需要资源：被亵渎的多纳尔教圣典\\PAR战斗行动：对1格范围用黑魔法发动1次爆炸攻击\\PAR特色：对目标的前后左右造成溅射伤害。降低治疗、法师和龙息攻击的效果。
"Can be a Squad Leader: No\PARTier: 3\PARUnit Type: Beast\PARMovement Type: Light\PARResources Required: \PARBattle Actions: 2 Wide-sweeping Slashing attacks at 1 range\PARSpecial: Attacks deal splash damage to 1 tile adjacent to the target in the same row, can attack across walls. Bypasses cover when attacking from a high ground advantage",,可以担任队长：否\PAR职阶：3\PAR单位类型：野兽\PAR移动类型：轻型\PAR需要资源：不适用\PAR战斗行动：在1格范围内大范围挥砍2次\PAR特色：攻击对相邻1格的同排敌人造成溅射伤害,能越墙进攻。有高地优势时进攻无视掩护。
