"Imperial Army Camp, Year 997","제국군 야영지, 997년"
Chapter 1: Rebellion,제 1장: 반란
Engage with the forces of the Antares Rebellion and seize Eastwall Fortress for the Imperial Army.,안타레스 반군과 교전하여 제국군을 위해 이스트월 요새를 점령하세요.
"Eastwall Fortress, Year 997","이스트월 요새, 997년"
Chapter 2: For Whose Sake?,제 2장: 누구를 위해서인가?
Antares has fled with Empress Florina to the deep forest. Pursue his army and approach the main rebel hideout at Centurion's Rest.,안타레스가 플로리나 여황와 함께 깊은 숲으로 달아났습니다. 그의 군대를 추격하여 백인대장의 안식처에 있는 반군의 주 은신처에 접근하세요.
"Centurion's Rest, Year 997","백인대장의 안식처, 997년"
Chapter 3: Crimson Star,제 3장: 진홍빛 별
Antares is trapped in Centurion's Rest. Fight alongside the Imperial Army to besiege Centurion's Rest and destroy the rebellion.,안타레스가 백인대장의 안식처에 갇혀 있습니다. 제국군과 함께 싸워 백인대장의 안식처를 포위하고 반군을 궤멸시키세요.
"Secret Prison near Granheim, Year 997","그랜하임 근처의 비밀 감옥, 997년"
Chapter 4: Paradigm Shift,제 4장: 인식의 전환
"Stefan, master spy of the Donari Temple, must pull off a daring rescue from the clutches of the Followers of Zanatus.",도나리교 최고의 첩보원 스테판이 자나투스의 추종자들 손아귀에서 대담한 구출을 성공해야만 합니다.
"Granheim Abbey, Year 997","그랜하임 수도원, 997년"
Chapter 5: Divine Hammer of the Donari,제 5장: 도나리의 신성한 망치
Chapter 5: Divine Hammer,제 5장: 신성한 망치
"Time to begin the journey to Lemelin Monastery. We will have to fight our way back, every step of the way.","레멜린 대수도원으로 여정을 시작할 때입니다. 여정의 매 걸음, 싸움이 이어질 것입니다."
"Fort Naxos, Year 997","낙소스 요새, 997년"
Chapter 6: Journey to Lemelin,제 6장: 레멜린으로 가는 길
The Tidereaver Pirates have been unleashed upon us. We must hold Fort Naxos against their attack at all costs.,타이트리버 해적들이 우리 앞에 모습을 드러냈습니다. 무슨 수를 써서라도 이들의 공격에서 낙소스 요새를 지켜내야 합니다.
"Port Jenos, Year 997","제노스 항구, 997년"
Chapter 7: Tidereaver,제 7장: 타이드리버
A massive storm has forced the Tidereaver fleet to chain together and wait. We will capitalize on their weakness.,거대한 폭풍은 타이드리버 선단이 서로 사슬을 걸어매고 폭풍이 지나가기를 기다리게 했습니다. 이들의 약점을 극대화해야 합니다.
"Encampment at Greyden Swamp, Year 997","그레이덴 늪지 캠프, 997년"
Chapter 8: Marooned,제 8장: 난파됨
"The storm damaged our own ships, forcing us off course. But now, we have the opportunity to annihilate the Tidereaver presence completely.","폭풍이 우리 선단에 피해를 줘서 항로를 벗어나게 됐습니다. 하지만 이제, 우리는 타이드리버의 존재를 완전히 궤멸시킬 기회가 생겼습니다."
"Lemelin Monastery, Year 997","레멜린 대수도원, 997년"
Chapter 9: Sanctuary,제 9장: 보호구역
We've reached Lemelin at last. But our enemies are eager to strike at any moment...,마침내 레멜린에 닿았습니다. 하지만 우리의 적들은 언제든 공격하려 준비하고 있습니다...
Chapter 10: To War,제 10장: 전쟁으로
"The Veridian Civil War has begun. We find ourselves aligned with the Western forces, in direct opposition to the Prime Minister. We set out now to save Isanter's capital city, and liberate Trucea.",베리디아 내전이 시작되었습니다. 우리는 수상과 직접 대립하는 서부군과 연합했습니다. 이제 이산테르의 수도를 구하고 트루세아를 해방시켜야 합니다.
"Trucea, Year 997","트루세아, 997년"
Chapter 11: Deadly Gambit,제 11장: 죽음의 도박
"The Eastern forces are off balance. Time to take the fight to their turf. Their main base of operations lies ahead, at Fort Eureeka.","동부군의 균형이 무너졌습니다. 이제 싸움을 저들의 영역으로 끌고 갈 때입니다. 이들의 작전 기지는 저 앞, 유리카 요새입니다."
"Fort Eureeka, Year 997","유리카 요새, 997년"
Chapter 12: Upheaval,제 12장: 격변
"We've taken Fort Eureeka, but the Eastern forces remain steadfast. Man the defenses at Fort Eureeka and prepare for the battle of our lives.","유리카 요새를 손에 넣었지만, 동부군은 아직 확고부동합니다. 유리카 요새의 성벽에 병사를 세우고, 목숨을 건 전투를 준비하십시오."
"Rimorgue River Valley, Year 997","리모르그 강 계곡, 997년"
Chapter 13: Conquest,제 13장: 정복
Casamir has no business leading armies. Let us show him how it is done. Conquer Rimorgue and crush the resistance at Stormrook.,카사미르는 군을 이끌 자격이 없다. 군의 일이 어떻게 이루어져야 하는지 본때를 보여라. 리모르그를 정복하고 스톰루크의 저항 세력을 분쇄하라.
"Westerfield Keep, Year 999","웨스터필드 성, 999년"
"Chapter 14: Paladin, Undaunted",제 14장: 불굴의 성기사
"Diana's Rebellion has stormed Westerfield Keep, a child detention facility. Wipe out the defenders and free the prisoners.",다이애나의 반란군은 아동 수용소인 웨스터필드 성을 습격했습니다. 방어군을 몰아내고 죄수들을 풀어주세요.
"Outside Westerfield, year 999","웨스터필드 교외, 999년"
Chapter 15: Westerfield Escape,제 15장: 웨스터필드 탈출
"We've freed the children, but overwhelming reinforcements have arrived. We must cross the river and arrive safely at Centurion's Rest before we are overtaken.","아이들을 구해냈지만, 적의 압도적인 증원군이 도달했습니다. 우리는 이들과 맞닥뜨리기 전에 강을 건너 백인대장의 안식처에 안전히 당도해야 합니다."
"Centurion's Rest, Year 999","백인대장의 안식처, 999년"
Chapter 16: Desperation,제 16장: 필사적
"We cannot ignore the Nephilim Prophecy any longer. Break into the Imperial Palace via its rear sally port, clearing the way to Mount Ptolomea.","더 이상 네필림 예언을 무시할 수 없습니다. 후면의 진입로를 통해 황궁으로 침입하여, 프톨로메아 산으로 가는 길을 확보하세요."
"Rebel Front Base, Year 999","반군 전진 기지, 999년"
Chapter 17: Coaxing the Divine,제 17장: 신성을 구슬리기
"The enemy has taken great measures to prevent access to the path to Mount Ptolomea. We must shatter their magical barrier, allowing Diana free passage to her destiny.","적이 프톨로메아 산으로 가는 길을 막기 위해 많은 조치를 취해 뒀습니다. 우리는 저들의 마법 장벽을 부숴, 다이애나가 운명에 이를 수 있는 길을 터야 합니다."
Chapter 18: Emborian Dawn,제 18장: 엠보어의 새벽
"The Avatar of Donar has returned to Tahnra, signaling the true beginning of the Nephilim Army. Our first objective is to liberate the far north lands of Embor.","도나르의 현신이 탄라로 돌아와서, 네필림 군대의 진정한 시작을 알립니다. 우리의 첫 번째 목표는 먼 북쪽의 땅 엠보어를 해방시키는 것입니다."
"Embor, Year 999","엠보어, 999년"
Chapter 19: Return to Eastwall,제 19장: 이스트월로의 귀환
"Lysander has managed to establish a stronghold in Eastwall Fortress, but faces overwhelming odds. We must reinforce his army and reunite with our companions.","라이샌더는 이스트월 요새에 거점을 마련했지만, 압도적인 난관을 마주하고 있습니다. 우리는 라이샌더의 군대를 증원하고 우리의 동료들을 규합해야 합니다."
Chapter 20: Wild Card,제 20장: 비장의 카드
The Historium Magnus has been stolen! We know the thief has fled to the active volcano at Mount Karnac.,히스토리움 마그누스가 도난당했습니다! 우리는 도둑이 카르낙 활화산으로 달아났다는 것을 알고 있습니다.
"Nephilim Base near Sandraka, Year 999","산드라카 근처 네필림 기지, 999년"
Chapter 21: Liberating Sandraka,제 21장: 산드라카 해방
"We have established a strongpoint on the Sandraka continent. If we can seize the large city of Crestmoor, we will strike a critical blow to Casamir's grip on the South.",우리는 산드라카 대륙에 거점을 설립했습니다. 대도시 크레스트무어를 손에 넣으면 남부에 대한 카사미르의 영향력에 치명타를 날릴 수 있습니다.
"Greywind Peak, Year 999","그레이윈드 봉우리, 999년"
Chapter 22: Greywind Peak,제 22장: 그레이윈드 봉우리
"Greywind Peak stands before us, and within it, Diana's destiny as a fully-realized Nephilim warrior.","그레이윈드 봉우리가 우리 앞에 서 있고, 그 안에는 네필림 전사로 완전히 탈바꿈하는 다이애나의 운명이 기다리고 있습니다."
"Nephilim Army Sayunaa Front Base, Year 999","네필림 군대 사유나 전진 기지, 999년"
Chapter 23: Unwise Alliance,제 23장: 현명하지 못한 동맹
"The Kingdom of Sayunaa has subjugated itself to Casamir to avoid war, and has disposed of their own monarchs. We must try to rein in the Sayunaari, by any means necessary.","사유나 왕국은 전쟁을 피하기 위해 카사미르에게 예속되고, 자신들의 왕을 없앴습니다. 우리는 수단과 방법을 가리지 않고 사유나 사람들을 멈춰야 합니다."
"Ezrum, Year 999","에즈룸, 999년"
Chapter 24: Scorched Sands,제 24장: 타는 듯한 모래
"The Sayunaari have thrown in completely for Casamir, and against us. We must try to salvage the situation. By reducing their warmaking ability, we may demoralize them enough to call for peace.","사유나 사람들은 완전히 카사미르의 손아귀에 들어가 우리를 대적하고 있습니다. 우리는 이 상황을 돌이켜야 합니다. 이들의 전쟁 능력을 감소시킴으로써, 우리는 평화 협상이 가능할 정도로 이들의 사기를 꺾을 수 있을지도 모릅니다."
"Fort Dakur, Year 999","다쿠르 요새, 999년"
Chapter 25: Kingdom of Gold,제 25장: 황금의 왕국
"The golden city of Sayunaa's capital lies before us. Regent Lord Cyrus stands defiant, throwing many unwilling Sayunaari into battle. May Donar bring this war to an end soon.","사유나의 황금 도시가 우리 앞에 서 있습니다. 섭정 영주 사이러스는 아직 저항중이며, 싸움을 원치 않는 많은 사유나 사람들을 전투에 몰아넣고 있습니다. 도나르께서 이 전쟁을 곧 끝내주시길."
"Nephilim Army Front Base outside Stormrook, Year 999","스톰루크 바깥 네필림 군대 전진 기지, 999년"
Chapter 26: Stormrook Looms,제 26장: 지척의 스톰루크
"With Sayunaa and its resources on our side, our army has grown powerful. We now face a massive clash in the Rimorgue River Valley. If we can conquer Stormrook and Rimorgue, Casamir is doomed.","사유나와 사유나의 자원이 우리 것이 되면서 우리 군대는 강력해졌습니다. 이제 우리는 리모르그 강 계곡에서의 거대한 충돌을 마주하고 있습니다. 스톰루크와 리모르그를 정복할 수 있다면, 카사미르는 파멸할 것입니다."
"Nephilim Army Front Base at Armitage, Year 999","아미티지의 네필림 군대 전진 기지, 999년"
Chapter 27: Return to the Origin,제 27장: 근원으로의 회귀
"Casamir refuses to surrender despite obvious defeat. As we move to conquer Armitage, we must consider the lives of the Imperial soldiers whose morale is broken and are desperate for peace.","카사미르는 명백한 패배에도 항복을 거부합니다. 아미티지를 정복하러 움직일 때, 우리는 사기가 저하되고 절박하게 평화를 원하는 제국군의 목숨을 고려해야 합니다."
"Armitage Base, Year 999","아미티지 기지, 999년"
Chapter 28: Downfall,제 28장: 몰락
"The enemy has holed himself up in the Imperial Palace. The Followers of Zanatus have mobilized their most deadly forces. Have no mercy for the cultists, or Casamir.",적은 황궁에 몸을 숨기고 있습니다. 자나투스의 추종자들은 그들의 가장 치명적인 병력을 움직였습니다. 광신도들이나 카사미르에게 자비를 품지 마세요.
"Imperial Palace, Year 999","황궁, 999년"
Chapter 29: Zenith of the World,제 29장: 세상의 정점
"The Avatar of Donar is but a few steps from full realization, and the remnants of the Followers of Zanatus are the last barrier in our way. We soon face the cult Grandmaster...","도나르의 현신은 완전한 실현까지 고작 몇 발자국만 남겨놓고 있으며, 남아있는 자나투스의 추종자 허깨비들은 우리 길을 막는 마지막 방어선입니다. 우리는 곧 광신도들의 교주를 마주하게 됩니다..."
"Gateway at Mount Ptolomea, Year 999","프톨로메아 산 관문, 999년"
Chapter 30: Armageddon,제 30장: 종말
All of the seals between the Divine Realm and the Mortal Realm are now broken. Armageddon has again come to Tahnra. Destroying Zanatus is the only way to avoid total annihilation.,신의 영역과 필멸자들의 영역 사이의 봉인이 이제 모두 깨졌습니다. 다시 탄라에 종말이 왔습니다. 자나투스를 파괴하는 것만이 완전한 파멸을 막는 길입니다.
Gaiden Chapter A: Unrelenting Ambition,외전 장 A: 꺾이지 않는 야망
"Sybil's recklessness has thrown us into a melee with the Imperial forces at the Felnamia provice. We must both save Sybil, and seize Felnamia.","시빌의 무모함은 우리를 펠나미아 지방의 제국군과 싸우게 만듭니다. 우리는 시빌도 구하고, 펠나미아도 손에 넣어야 합니다."
Gaiden Chapter B: Dragon's Haven,외전 장 B: 용의 안식처
"The enemy has sought to monopolize war Dragons by annihilating broods not within their control. Azuros, an ancient monarch, could be a powerful ally if we can intercept the Imperial attackers in time.",적은 자신들이 통제하지 못하는 용의 부족을 궤멸시킴으로써 전쟁 용을 독점하려 합니다. 다가올 제국의 공격을 막기 위해서는 고대의 왕 아주로스가 강력한 아군이 될 수 있습니다.
Gaiden Chapter C: No Mercy for the Merciful,외전 장 C: 자비로운 이를 위한 자비는 없다
We have located one of the largest child detention complexes in the world. This evil cannot be allowed to continue. Wipe out the enemy completely.,세상에서 가장 큰 아동 수용소를 찾아냈습니다. 이 사악한 곳이 지속되도록 허락할 수는 없습니다. 적을 완전히 쓸어내 버리세요.
Gaiden Chapter D: Clockwork City,외전 장 D: 시계태엽 도시
Casamir has always had an abundance of firearms and cannons at his disposal. It's time to break into their Pyrocite stores in Sandraka City and take this advantage for ourselves.,카사미르의 손끝에는 항상 많은 화기와 대포가 있습니다. 산드라카 시에 있는 파이로사이트 보관소를 뚫고 들어가 우리의 이점으로 삼을 때가 왔습니다.
Gaiden Chapter E: Ishtar's Lament,외전 장 E: 이슈타르의 탄식
"I can't shake this feeling, it is familiar, but unsettling...","이 감정을 떨칠 수가 없어, 이 익숙하지만 불안한..."
Bronze Arena,황동 투기장
Silver Arena,순은 투기장
Gold Arena,황금 투기장
Platinum Arena,백금 투기장
Endurance Trial,인내의 시험
Legends 1A: Promise of Peace,전설들 1A: 평화의 약속
Florina Iblis's claim to the Imperial throne brings hopes for the end to the Succession War. But surely the claim will be contested...,플로리나 이블리스의 황위 계승 주장은 계승 전쟁의 종식에 대한 희망을 가져옵니다. 하지만 이 주장에도 당연히 이론의 여지가 있으니...
Legends 1B: Defend the Claim,전설들 1B: 권리주장의 방어
The pretenders to the throne have launched a final desperate bid to stop Florina's coronation. Defend Imperial territory from invasion!,황위 계승권자들은 플로리나의 대관식을 막기 위해 필사적으로 최후의 시도를 감행했습니다. 제국의 영토를 침공에서 막아내십시오!
Legends 2: Barek Tor,전설들 2: 바렉 토르
,
Legends 3A: Whispers from Grothnor,전설들 3A: 그로트너로부터 온 속삭임
Fort Rittenbach has claimed another scout party... missing without explanation. Duke Jaromir mobilizes his army to personally investigate.,리텐바흐 요새에서 아무 설명도 없이 또다른 정찰대가 실종됐습니다. 야로미어 공작은 군대를 움직여 개인적인 조사를 시작합니다.
Legends 3B: Life and Unlife,전설들 3B: 생명과 언데드
"Grothnor's undead hordes have reached as far as Embor, and the other nobles refuse to help. Defend Embor at all costs!","그로트너의 언데드 무리가 엠보어까지 당도했으며, 다른 귀족들은 도움을 거부합니다. 어떤 댓가를 치르든 엠보어를 방어하세요!"
Legends 4: Pendergast's Folly,전설들 4: 펜더가스트의 어리석음
Legends 5: Shadowchaser,전설들 5: 그림자 추적자
Legends 6: Queen of Dragons,전설들 6: 용들의 여왕
"Azuros has left suddenly. Scouts report a rival brood, controlled by the Archaelus Empire, has threatened Azuros's hidden brood hive.",아주로스가 갑자기 떠났습니다. 정찰대는 아르켈루스 제국이 제어하는 라이벌 부족이 아주로스의 숨겨진 둥지를 위협했다고 보고합니다.
Grassland,풀밭
Ramp,경사로
Cliffs,절벽
Hazard,위험 요소
Lava Cave,용암 동굴
High Ground,고지대
Ladder,사다리
Road,도로
Bridge,다리
Dungeon,지하감옥
Shadows,그림자
Ambush Trench,매복 참호
Industrial,산업
Tower,탑
Throne,왕좌
Divine Realm,신의 영역
Hills,언덕
Plains,벌판
Wheat Field,밀밭
Town,마을
Wall,성벽
Desert,사막
Snow,눈
Woods,숲
Forest,삼림
Water,물
Swamp,늪지
Ship,배
Sky,하늘
Mountains,산
Mine,광산
Stables,마구간
Fort,요새
Base,기지
Temple,사원
Village,마을
Bazaar,천막상점
Slow,느림
Light,가벼움
Infantry,보병
Cavalry,기병
Flying,비행
Clear,맑음
Cloudy,구름
Overcast,흐림
Rainy,비
Storm,폭풍
Snowy,눈
Blizzard,눈보라
Indoors,실내
Stormy,폭풍우
Heat Wave,열파
"Ah, there you are, child of destiny. You've arrived\NEWLINE  at a very opportune time, you will find.","아, 거기 있었구나, 운명의 아이야.\NEWLINE 아주 때맞춰 당도했어, 곧 너도 알게 되겠지."
"Let me look into your heart. Who are you? Will your\NEWLINE  journey be marked by virtue, or will this land's people\NEWLINE  remember you as an adversary?","네 마음을 보자꾸나. 너는 어떤 존재지?\NEWLINE 너의 여정은 미덕으로 기록될 것이냐,\NEWLINE 아니면 이 땅의 사람들이 너를 대적자로서 기억할 것이냐?"
"Thank you. What an intriguing soul! Go, and I will\NEWLINE  see you here again when the time is right.","고맙구나. 이토록 흥미로운 영혼이라니!\NEWLINE 이제 가거라, 그리고 알맞은 때가 되면 여기에서 다시 보자꾸나."
"Go forth, and leave your mark on this world!","나아가거라, 이 세상에 네 자취를 남겨라!"
Which form suits you?,어떤 형태가 어울릴까?
Please tell me your name., 네 이름을 알려다오.
So you have chosen...,"그래, 선택했구나..."
Yes,네
No,아니오
"When on death's door, what will you consider a life well-lived?","죽음의 문턱에서, 과연 어떤 삶이 잘 산 것이라고 너는 생각하느냐?"
I did it all my way,나는 나만의 방식으로 모든걸 해냈다
I fulfilled who I was meant to be,나는 내가 되고 싶은 사람이 되었다
Many will mourn my passing,많은 이들이 나의 죽음을 애도할 것이다
"A desperate beggar corners you, demanding money.\NEWLINEWhat do you do?",필사적인 거지가 널 구석으로 몰고 돈을 요구한다면\NEWLINE어떻게 하겠느냐?
Intimidate him into backing down.,물러나라고 위협한다.
Talk your way out of the situation.,잘 말해서 상황을 빠져나간다.
Offer him a warm meal at the local pub.,동네 식당에서 따뜻한 식사를 사주겠다고 한다.
What is the most important trait a leader should have?,지도자가 가져야 하는 가장 중요한 자질은 무엇이라고 생각하느냐?
The ability to bring people together,사람들을 한 데 모으는 능력
An unshakeable love for the people,사람들에 대한 흔들리지 않는 애정
The power to command respect and fear,존경과 두려움을 불러일으키는 힘
What most leads to the downfall of great civilizations?,위대한 문명이 몰락하게 되는 가장 큰 원인은 무엇이라고 생각하느냐?
Faithlessness,불성실
Poverty,가난
Intolerance,편협함
"You were blessed with a child. \NEWLINEIf you could choose their fate, what would it be?","네가 아이를 잉태했다고 생각해보거라. \NEWLINE아이의 운명을 선택할 수 있다면, 무엇을 원하느냐?"
A famous musician,유명한 음악가
A great general,위대한 장군
A devout follower of the faith,신앙의 독실한 추종자
What do you look for most in a mate?,배우자에게 가장 중요하게 생각하는 것은 무엇이냐?
Beauty,아름다움
Wealth and Prestige,부와 명예
Intellect,지성
"As a potential ruler in difficult times, \NEWLINEwhat are your most effective tools?","어려운 시대의 잠재적 지배자로서, \NEWLINE네 가장 효과적인 도구는 무엇이 될 것 같으냐?"
Your kind heart,당신의 착한 마음
Your inspiring charisma,영감을 주는 카리스마
Fear,두려움
Which personal flaw do you want to avoid most?,다음 인간적 결함 중 가장 피하고 싶은 것은 무엇이냐?
Deceptive and exploitative,기만적이고 착취적임
Easily manipulated,쉽게 이용 당함
Lack of Willpower,의지 박약
You must give up your most valuable possession. \NEWLINEWhat is it?,가지고 있는 가장 소중한 것을 포기해야 한다면 \NEWLINE무엇을 버릴것이냐?
Your vast wealth,너의 막대한 부
Your battle prowess,너의 전투 기술
Your faith,너의 신앙
"Allows us to access the Bronze Arena from Home Base, then the Token is consumed. The Bronze Arena takes place in a Temperate climate, offers a low challenge, and modest rewards.","기지에서 황동 투기장에 들어가게 해 준 다음, 토큰이 소모됩니다. 황동 투기장은 온화한 기후에서 열리며 난이도가 낮고 보상도 소소합니다."
"Allows us to access the Silver Arena from Home Base, then the Token is consumed. The Silver Arena takes place in a Tundra climate, offers a medium challenge, and good rewards.","기지에서 순은 투기장에 들어가게 해 준 다음, 토큰이 소모됩니다. 순은 투기장은 툰드라 기후에서 열리며 난이도가 보통아고 좋은 보상이 주어집니다."
"Allows us to access the Gold Arena from Home Base, then the Token is consumed. The Gold Arena takes place in a Desert climate, offers a high challenge, and excellent rewards.","기지에서 황금 투기장에 들어가게 해 준 다음, 토큰이 소모됩니다. 황금 투기장은 사막 기후에서 열리며 난이도가 높고, 뛰어난 보상이 주어집니다."
"Allows us to access the Platinum Arena from Home Base, then the Token is consumed. The Platinum Arena takes place in a Temperate climate, offers the greatest challenge, and incredible rewards.","기지에서 백금 투기장에 들어가게 해 준 다음, 토큰이 소모됩니다. 백금 투기장은 온화한 기후에서 열리며 난이도가 대단히 높고, 믿을 수 없는 보상이 주어집니다."
"To embrace your destiny, and become who you are, is life's greatest purpose.",운명을 끌어안고 진정한 당신이 되는 것이 삶의 가장 큰 목적입니다.
"Used to unlock a huge amount of classes. Required for all Heavy Infantry and Heavy Cavalry, as well as many high-end Light Infantry and Cavalry, Archery, and Firearms units.","수많은 병과를 잠금 해제하기 위해 사용됩니다. 모든 중보병과 중기병, 또한 많은 고급 경보병과 기병, 궁수, 화기 유닛에도 필요합니다."
"Used to unlock high-end attackers. Required for Champion, Centurion, Knight, Assassin, Warbow, and Swordmaster.","고급 공격형 유닛들을 잠금 해제하는 데 사용합니다. 챔피언, 백인대장, 기사, 암살자, 저격수, 소드마스터 병과에 필요합니다."
"Used for high-end Mage and Support units. Required for Paladin, Valkyrie, Fire Mage, Lightning Mage, Ice Mage, Sorceress, and Templar.","고급 마법사와 지원 유닛들에 사용합니다. 성기사, 발키리, 화염 마법사, 번개 마법사, 얼음 마법사, 여마법사, 수호사제에 필요합니다."
"Used as a baseline resource for all Magicians, as well as Priestess, Templar, and Hospitaller.","모든 마법사와 여사제, 수호사제, 간호단의 기본 자원으로 사용됩니다."
"Used to create Firearms. Required for Gunner, Dragoon, and Siege Cannon.","화기를 만드는 데 사용됩니다. 총병, 총기병, 공성 대포에 필요합니다."
Required for all forms of Cavalry.,모든 형태의 기병에 필요합니다.
Gain a small amount of gold per fallen enemy defeated in any combat,어떤 전투에서든 처치한 적마다 소량의 금화를 얻습니다.
Defensive bonuses from Terrain are 50% more effective,지형으로부터 얻는 방어 보너스가 50% 더 효과적이 됩니다
Deal 20% more and take 20% less damage if Covering the Squad Leader,부대장을 앞에서 보호하고 있을 때 20% 더 많은 피해를 입히고 20% 적은 피해를 입습니다
Unit deals +25% damage for every incapacitated Unit in this Squad,유닛이 이 부대에서 전투불능이 된 아군 유닛마다 +25% 더 많은 피해를 입히게 됩니다
"Deal damage to enemy Morale, increases as STR increases","적 사기에 피해를 입히며, 힘이 증가할수록 증가합니다"
This unit is more likely to be targeted by enemies in battle,이 유닛은 전투 중인 적들에게 대상이 될 가능성이 높습니다
Unit is less likely to be targeted by enemies in battle,이 유닛은 전투 중인 적들에게 대상이 될 가능성이 낮습니다
Unit takes 25% less damage when under 50% Max HP,유닛이 최대 체력이 50% 이하일 때 25% 피해를 덜 입습니다
Enemies cannot Critical Hit this Unit,이 유닛에게 적들이 치명타를 입힐 수 없습니다
Critical hits bypass 100% of target armor,치명타가 대상의 방어구를 100% 우회합니다
Critical damage increased by 50%,치명타 피해량이 50% 증가합니다
Archery units in this Squad cost 2 less capacity,이 부대의 궁수 유닛들의 보급 비용이 2 줄어듭니다
Heavy Infantry units in this Squad cost 2 less capacity,이 부대의 중보병 유닛들의 보급 비용이 2 줄어듭니다
Heavy Cavalry units in this Squad cost 2 less capacity,이 부대의 중기병 유닛들의 보급 비용이 2 줄어듭니다
"Unit can no longer Critical Hit, but deals +15% damage",유닛이 더 이상 치명타를 가할 수 없는 대신 +15%의 피해를 입힙니다
"Unit has a chance, based on SKL, to prevent its primary target from counter-attacking in the same battle","유닛이 재주에 따라, 전투에서 주 공격 대상의 반격 발동을 막을 확률이 생깁니다"
Bonuses to Hit confer a partial bonus to critical hit chance (max: 15%),명중률이 치명타 확률에 부분적인 보너스를 줍니다 (최대: 15%)
Dealing Critical Hits restore a small amount of HP,치명타를 가할 때 소량의 체력이 회복됩니다
"Any Archery attacks from this unit will ignore the penalty for firing at Walls, or Woods from 2+ Range","이 유닛이 2타일 이상 거리의 성벽 또는 숲에 궁술 곡사 공격시, 해당 지형의 명중률 페널티를 무시합니다"
Unit does +50% more damage to Dragons.,유닛이 용들에 피해를 50% 더 입힙니다.
Unit gains resistance to Magician and Dragon attacks as STR increases,유닛이 힘이 늘어날 수록 마법사와 용 공격에 저항력이 생깁니다
Gain +3 STR at the start of battle for every Unit in the enemy Squad,전투 시작시 적 부대의 각 유닛 수만큼 +3 힘을 얻습니다
Unit has a chance for an extra action for every enemy below 25% HP at the end of combat,"전투가 끝날 때 25% 이하 체력인 모든 적마다, 유닛이 추가 행동을 할 기회가 생깁니다"
"When being healed, the effect is increased by 50%",치유 받을 때 효과가 50% 증가합니다
+25% damage to already damaged enemies,이미 피해를 입은 적들에게 +25%의 피해를 입힙니다
"When an ally is healed, this unit is also healed for 25% of the effect","아군이 치유될 때, 이 유닛 역시 효과의 25%만큼 치유됩니다"
"At the start of battle, gain a barrier equal to 50% of MAG",전투 시작 시 마력의 50%에 해당하는 보호막을 얻습니다
Gain STR equal to 25% of MAG,마력의 25%에 해당하는 힘을 얻습니다
Gain SKL equal to 33% of MAG,마력의 33%에 해당하는 재주를 얻습니다
Gain MaxHP equal to 100% of MAG,마력의 100%에 해당하는 최대 체력을 얻습니다
Deal +25% damage while on defense,방어하는 동안 +25%의 피해를 입힙니다
Unit has a chance to take another action in battle based on lower %HP remaining,유닛의 %체력이 적게 남아있을수록 추가 행동을 할 확률이 있습니다
"Once per Chapter, this unit will survive an enemy turn that would otherwise be fatal","장당 한 번, 이 유닛은 원래 죽어야 하는 적의 턴을 생존합니다"
"Unit does +50% more damage to Rogues, Assassins, and Magician units","유닛이 도적, 암살자, 마법사 유닛에게 +50%의 피해를 더 입힙니다"
Firearms units in this Squad cost 2 less capacity,이 부대의 화기 유닛들의 보급 비용이 2 줄어듭니다
Restore a small amount of HP when an enemy unit is killed in combat,적 유닛이 전투에서 죽을 때 소량의 체력을 회복합니다
"When this Squad uses Forced Surrender, Enemy Units are more likely to Surrender","이 부대가 투항 권고를 사용하면, 적 유닛이 항복할 가능성이 높아집니다"
Increased drop chance when destroying or forcing the surrender of enemy Squads,적 부대를 궤멸시키거나 항복시킬 때 전리품을 얻을 확률이 증가합니다
"Squad is immune to negative effects of Blizzard weather, and gains bonus evasion in Blizzard and Snow","부대가 눈보라 날씨의 부정적 영향에 면역이 되고, 눈보라와 눈 날씨에서 보너스 회피를 얻습니다"
Squad is immune to Heat Wave and Desert movement penalty,부대가 열파와 사막 지형 이동 페널티에 면역이 됩니다
Trait Learnable,배울 수 있는 특성
Use a tome to learn a trait in this slot!,이 슬롯에 책을 이용하여 특성을 배우세요!
Polearm Warrior,장창 전사
"Increases attack versus Cavalry units by 35%, and grants immunity to Shock","기병 유닛에 대한 공격이 35% 증가하고, 충격에 면역이 됩니다"
35% bonus damage to firearms troops,화기 부대에 35% 추가 피해를 입힙니다
Guardian,방어자
Unit takes -25% damage while on defense,유닛이 방어하는 동안 -25%의 피해를 받습니다
Magic Armor,마법 방어구
Reduces incoming spell damage by 50% of Armor.,방어구의 50%만큼 받는 마법 피해가 감소합니다.
Stealth Attack,은신 공격
Attack rear row without penalty on the first round of combat,전투의 첫 번째 라운드에서 페널티 없이 뒷줄을 공격합니다
Guerilla,유격대
Bonus hit and evasion when standing in rough terrain and/or on Offense,거친 지형에 서 있을 때 및 공격 시 보너스 타격 및 회피
Firearms Slayer,화기 제거자
+35% damage to firearms,화기 유닛에 대해 +35% 피해
Hit and Run,치고 빠지기
Bonus hit and evasion when standing in Open terrain and/or on Offense,열린 지형에 서 있을 때 및 공격 시 보너스 타격 및 회피
Shadowchaser,그림자 추적자
Bonus movement in Ambushable terrain and ignore enemy Zones of Control,매복 가능한 지형에서 보너스 이동 및 적의 제어 구역 무시
Imposing,위엄
Noisy Cricket,시끄러운 귀뚜라미
Squad loses 15% threat for the purposes of being targeted (more likely to be targeted),부대가 적 공격 대상이 더 쉽게 되도록 위협이 15% 감소합니다 (공격 대상이 될 가능성이 높아짐)
Combat Medic,전투 의무병
Support units in this squad heal for 20% more,이 부대의 지원 유닛의 치유량이 20% 증가합니다
Hospitaller,간호단
Out-of-battle Healing is 25% stronger,비 전투 시 치유가 25% 강해집니다
Unassuming,겸손
Archer Captain,궁수 부대장
Soldier Captain,보병 부대장
Knight Captain,기사 부대장
Melee Cavalry units in this Squad cost 2 less capacity,이 부대의 근접 기병 유닛들의 보급 비용이 2 줄어듭니다
Bowmanship,궁술
Arcane Vigor,비전 활력
Gain Max HP equal to 100% of MAG,마력의 100%에 해당하는 최대 체력을 얻습니다
Arcane Might,비전 힘
Arcane Speed,비전 속도
Coldblooded,냉혈
Beacon,등불
Colossal,거대함
"Cannot dodge, deals increased morale damage","공격받을 시 회피 불가, 공격시 사기 피해를 더 크게 입힙니다"
Desperation,절박함
Smite,강타
Dragonslayer,용살자
Unit does +50% more damage to Dragons,유닛이 용들에 +50% 피해를 더 입힙니다.
Field Marshal,야전 원수
+10 Hit/Evade to entire army while squad is deployed,"부대가 배치되어 있는 동안 전체 군대에 +10 명중률, 회피율 보너스가 부여됩니다"
Bloodlust,블러드러스트
Genbu Shell Fragment,겐부 껍질 조각
Soha's Blood Shard,소하의 피조각
Giant's Thresher,거인의 대낫
"Squad does +25% damage to larger Squads, and -25% damage to smaller Squads","부대가 더 큰 부대에 +25%의 피해, 더 작은 부대에게 -25%의 피해를 입힙니다"
Sayunaari War Pike,사유나식 전투 파이크
Squad does +15% damage to Cavalry,부대가 기병에 +15%의 피해를 입힙니다
Obsidian Edge,흑요석 검
"Squad does +25% damage to Boss Squads, only applies to Human targets","부대가 보스 부대에 +25% 피해를 입히나, 인간 형태 보스에게만 적용됩니다"
Everlasting Potion,마르지 않는 물약
Restore 20% max HP of the unit with the most missing HP at the start of combat,전투 시작 시 가장 큰 체력을 잃은 유닛의 최대 체력을 20% 회복합니다
Counterattack,반격
Deal +25% damage while on defense.  Stacks with Black Belt,방어하는 동안 +25%의 피해를 입힙니다.  검은 띠 중첩
Black Belt,검은 띠
Deal +25% damage while counterattacking,반격하는 동안 +25%의 피해를 입힙니다
Disarm,무장 해제
Resolve,단호
Immortal Spirit,불굴의 정신
"Once per Chapter, this unit will survive an enemy volley that would otherwise be fatal","장당 한 번, 이 유닛은 원래 죽어야 하는 적의 공격에서 생존합니다"
Precision,정확
Lithe Assault,유연한 공격
Concentration,집중
Unscathed,다치지 않음
Assassin's Heart,암살자의 심장
Assassin's Reaper,암살자의 사신
Silver-Tongued,유창함
Warrior's Hubris,전사의 자만심
Stormrook's Walls,스톰루크의 벽
Squad deals +20% damage when attacking from wall to non-wall,부대가 성벽에서 성벽이 아닌 곳을 공격할 때 +20%의 피해를 입힙니다
Challenger,도전자
Lucky,럭키
Some people are just lucky,어떤 사람들은 그냥 운이 좋습니다
Treasure Hunter,보물 사냥꾼
Increased chance to find an item when destroying or forcing the surrender of enemy Squads,적 부대를 궤멸시키거나 항복시킬 때 아이템을 발견할 확률이 증가합니다
Arcane Barrier,비전 배리어
Mentor,멘토
Greatly improves leadership growth of subordinates.,부하들의 통솔력 성장이 대폭 향상됩니다
Healing Attuned,치유 동조
Guardian Impulse,가디언 충동
Gain a chance at an extra action for every ally unit below half health at the end of combat,"전투 끝에서, 체력이 절반 이하인 모든 아군 유닛마다 이 유닛은 추가 행동의 기회를 얻습니다"
Executioner,처형자
Overpower,압도
Deal damage to enemy Morale based on difference in STR,힘의 차이에 따라 적 사기에 피해를 가합니다
Vengeance,복수
Bodyguard,호위병
Venerable,공경
Squad Leader cannot be directly targeted unless all other squad members are incapaciated,부대의 다른 유닛들이 모두 전투불능이 되기 전까지 부대장이 직접적인 공격 대상이 될 수 없습니다
Dragon Affinity,용 친숙도
Dragons in squad gain class XP faster,부대의 용들이 병과 경험치를 더 빠르게 얻습니다
Light's Judgement,빛의 심판
"When taking damage in battle, Diana gains Attack Power for the duration of the battle","전투에서 피해를 입을 때, 다이애나는 전투 동안 공격력을 얻습니다"
Garrison,수비대
Damage reduction granted from terrains is increased by 50%,지형으로부터 얻는 피해량 감소가 50% 증가합니다
Soul of Sayunaa,사유나의 영혼
"Once per Phase, Swordfighter, Swordmaster, and Blademaster will automatically strike first on defense"," 차례당 한 번, 검사, 소드마스터, 블레이드마스터는 방어시 자동으로 먼저 공격합니다."
Desert Warrior,사막 전사
Guile,간교한 속임수
Unit bypasses Block and can attack any target,유닛이 가로막음을 우회하고 어떤 대상이든 공격할 수 있습니다
Retainer,심복
Jules takes 50% less damage if within 3 tiles on the tactical map,나리마가 전술 지도상 3타일 이내에 있을 때 줄스는 50% 적은 피해를 입습니다
Tundra Warrior,툰드라 전사
"Squad is immune to negative effects of Blizzard weather and Chill status, and gains bonus evasion in Blizzard weather and Snow terrain","부대가 눈보라 날씨와 냉기 상태이상의 부정적 영향에 면역이 되고, 눈보라 날씨와 눈 지형에서 보너스 회피를 얻습니다"
Feline Acuity,고양이과의 명민함
Massive evasion boost versus stealth attacks,은신 공격 받을 시 회피 대폭 상승
Barek Tor Savagery,바렉 토르의 야만성
"At Night, every attack is an Ambush","밤이면, 모든 공격이 매복이 됩니다"
Scavenger,시체 청소부
Thievery,도둑질
"On combats initiated by my squad, steal a small amount of gold from the primary target based on SKL","내 부대가 개시한 전투에서, 재주에 따라 주요 대상으로부터 소량의 금화를 훔칩니다"
Haughty,거만함
Beatrix is not affected by the morale of her squad,베아트릭스는 자기 부대의 사기에 영향을 받지 않습니다
Shock and Awe,충격과 공포
Donar's Presence,도나르의 현존
Squads within 3 tiles are given a morale boost,3타일 내의 부대에 사기 상승 부여
Shadow,그림자
Squad can move through tiles containing enemy Squads,부대가 적 부대가 들어있는 타일을 이동할 수 있습니다
Hand of Zanatus,자나투스의 손
2x damage to enemy morale from all actions and enemies will not surrender,모든 행동이 적 사기에 두배의 피해를 입히며 적이 항복하지 않게 됩니다
Monarch,군주
Heavy units in Jules's Squad will always Cover him from targeted damage,"줄스의 부대에서 중갑옷 유닛들이 항상 줄스를 보호하여, 줄스를 대상으로 하는 공격을 대신 받습니다"
Mirage,신기루
"Gain an extra attack.  Every attack, and every counter-attack Stefan uses will be a Stealth attack","추가 공격을 얻습니다. 모든 공격에서, 그리고 모든 반격에서 스테판이 은신 공격을 사용하게 됩니다"
Finish the Millenium War!,천년 전쟁의 종식!
The world is behind you! +20 Capacity.  Your hero heals and boosts the morale of all allies within 3 tiles,"세상이 당신의 뒤에 있습니다! +20의 보급. 영웅이 3타일 내의 모든 아군을 치유하고,사기를 북돋웁니다"
Prodigy,영재
"Unit gains 20% bonus to XP, CP, and LDR growth","유닛이 XP, CP, 통솔력 성장에 20% 보너스를 얻습니다"
Mercenary,용병
Unit is solely motivated by a pay day. +2 Capacity cost unless leader,유닛은 월급날만 바라보며 지냅니다. 부대장이 아니면 +2 보급 비용이 듭니다
Non-Commital,무관심함
Unit is beginning to warm up to your cause. +1 Capacity cost,유닛이 당신의 대의에 마음이 동하기 시작합니다.보급 비용 +1
Committed,헌신적
Unit identifies with your cause. -1 Capacity cost,유닛이 당신의 대의에 공감합니다.보급 비용 -1
Loyal,충성
Unit feels fully dedicated to your cause. -2 Capacity cost,유닛이 당신의 대의에 완전히 헌신합니다.보급 비용 -2
"Squad is faster in open terrain, and can move after attacking","부대가 열린 지형에서 더 빨라지고, 공격 후에 이동할 수 있습니다"
"Squad's move is not penalized by rough terrain, moves slightly faster indoors, can hide in and ambush from woods, swamps, and towns","부대는 거친 지형 이동시 페널티가 없으며, 실내에서 약간 빠르게 이동하고, 숲, 늪지, 소도시에서 매복으로 숨을 수 있습니다"
Squad has poor physical conditioning and less battlefield movement,부대의 신체적 능력이 낮아 전장 이동범위가 줄어듭니다
Squad's movement ignores terrain,부대의 이동이 지형을 무시합니다
\\N[8] - Zelos: I have dreamed of this for so long,\\N[8] - 젤로스: 난 이 순간을 오래도록 꿈꿔 왔어
\\N[8] and Zelos developed a deep bond.,\\N[8]와(과) 젤로스가 깊은 유대를 발전시켰습니다.
\\N[8] - Jules: Some things shouldn't stay a secret,\\N[8] - 줄스: 어떤 것들은 비밀로 남아있어선 안 돼
\\N[8] and Jules developed a deep bond.,\\N[8]와(과) 줄스가 깊은 유대를 발전시켰습니다.
\\N[8] - Barnabas: A story 20 years in the making,\\N[8] - 바나바스: 20년이나 걸려 만들어진 이야기
\\N[8] and Barnabas developed a deep bond.,\\N[8]와(과) 바나바스가 깊은 유대를 발전시켰습니다.
"\\N[8] - Stefan: Partners in crime, forever?","\\N[8] - 스테판: 범죄의 파트너, 영원히?"
\\N[8] and Stefan developed a deep bond.,\\N[8]와(과) 스테판이 깊은 유대를 발전시켰습니다.
\\N[8] - Lysander: Intellectual supernova,\\N[8] - 라이샌더: 지적인 초신성
\\N[8] and Lysander developed a deep bond.,\\N[8]와(과) 라이샌더가 깊은 유대를 발전시켰습니다.
\\N[8] - Jaromir: A very straight-forward proposal,\\N[8] - 야로미어: 아주 직접적인 제안
\\N[8] and Jaromir developed a deep bond.,\\N[8]와(과) 야로미어가 깊은 유대를 발전시켰습니다.
\\N[8] - Sybil: I can be your refuge,\\N[8] - 시빌: 내가 너의 피난처가 될 수 있어
\\N[8] and Sybil developed a deep bond.,\\N[8]와(과) 시빌이 깊은 유대를 발전시켰습니다.
\\N[8] - Jules: Fancy meeting you here,\\N[8] - 줄스: 여기서 널 만나다니 놀랍네
\\N[8] and Jules have become friends.,\\N[8]와(과) 줄스가 친구가 되었습니다.
\\N[8] - Barnabas: Mentor or mentee?,\\N[8] - 바나바스: 멘토인가 멘티인가?
\\N[8] - Stefan: Tidereaver scum,\\N[8] - 스테판: 타이드리버 쓰레기
\\N[8] and Stefan have become friends.,\\N[8]와(과) 스테판이 친구가 되었습니다.
\\N[8] - Stefan: Rogue with a heart of gold,\\N[8] - 스테판: 선량한 도적
\\N[8] - Raskuja: Legends of the Barek Tor,\\N[8] - 라스쿠자: 바렉 토르의 전설
\\N[8] and Raskuja have become friends.,\\N[8]와(과) 라스쿠자가 친구가 되었습니다.
\\N[8] - Raskuja: Heart of the jungle,\\N[8] - 라스쿠자: 정글의 심장
\\N[8] - Lysander: Ponderings on modernity,\\N[8] - 라이샌더: 근대성에 대한 숙고
Diana - Stefan: Cannot deny our destiny,다이애나 - 스테판: 우리의 운명을 거스를 순 없어
Diana and Stefan have developed a deep bond.,다이애나와 스테판이 깊은 유대를 발전시켰습니다.
Diana - Lysander: You are better than this,다이애나 - 라이샌더: 당신은 이것보단 나아
Diana and Lysander have become friends.,다이애나와 라이샌더가 친구가 되었습니다.
Diana - Lysander: An impolite inquiry,다이애나 - 라이샌더: 무례한 질문
Diana - Lysander: Subtlety is a lost art,다이애나 - 라이샌더: 미묘함은 잊혀진 기술이지
Diana - Jaromir: Old-fashioned fella,다이애나 - 야로미어: 구식 친구
Diana and Jaromir have developed a deep bond.,다이애나와 야로미어가 깊은 유대를 발전시켰습니다.
Beatrix - Jules: Spending social capital,베아트릭스 - 줄스: 사회적 자본의 사용
Beatrix and Jules have become friends.,베아트릭스와 줄스가 친구가 되었습니다.
Beatrix - Jules: Redheads're nice,베아트릭스 - 줄스: 빨간 머리가 좋아
Beatrix and Jules have developed a deep bond.,베아트릭스와 줄스가 깊은 유대를 발전시켰습니다.
Sybil - Jules: Walk this life with me,시빌 - 줄스: 이 삶은 나와 함께
Sybil and Jules have developed a deep bond.,시빌과 줄스가 깊은 유대를 발전시켰습니다.
Sybil - Barnabas: Still got that spark,시빌 - 바나바스: 아직도 불꽃이
Sybil and Barnabas have developed a deep bond.,시빌과 바나바스가 깊은 유대를 발전시켰습니다.
Abigayle - Zelos: Nice guys never win,아비게일 - 젤로스: 착한 남자는 승산이 없어
Zelos and Abigayle have developed a deep bond.,젤로스와 아비게일이 깊은 유대를 발전시켰습니다.
"Narima - Stefan: Failed pickup artist, part 1","나리마 - 스테판: 실패한 연애 고수, 제 1장"
"Narima - Stefan: Failed pickup artist, part 2","나리마 - 스테판: 실패한 연애 고수, 제 2장"
Edelia - Lysander: Crossing sacred boundaries,에델리아 - 라이샌더: 신성한 선을 넘어
Edelia and Lysander have developed a deep bond.,에델리아와 라이샌더가 깊은 유대를 발전시켰습니다.
Narima - Stefan: Failed pickup art... wait,나리마 - 스테판: 실패한 연애 고수...어라
Narima and Stefan have developed a deep bond.,나리마와 스테판이 깊은 유대를 발전시켰습니다.
Narima - Jules: Only a King to melt her heart,나리마 - 줄스: 왕만이 그녀의 마음을 녹일 수 있어
Narima and Jules have developed a deep bond.,나리마와 줄스가 깊은 유대를 발전시켰습니다.
\\N[8] - Diana: I see the real you...,\\N[8] - 다이애나: 진정한 당신을 봅니다...
Diana and \\N[8] have developed a deep bond.,다이애나와 \\N[8]이(가) 깊은 유대를 발전시켰습니다.
\\N[8] - Diana: Doctrine of the Temple,\\N[8] - 다이애나: 교단의 신조
\\N[8] and Diana have become friends.,\\N[8]와(과) 다이애나가 친구가 되었습니다.
\\N[8] - Diana: Deeper dive into the Nephilim,\\N[8] - 다이애나: 네필림으로의 철저한 분석
\\N[8] - Beatrix: The Pendergast fortune,\\N[8] - 베아트릭스: 펜더가스트의 재산
"\\N[8] - Beatrix: Siren, or Succubus?","\\N[8] - 베아트릭스: 사이렌일까, 서큐버스일까?"
Beatrix \\N[8] have developed a deep bond.,베아트릭스와 \\N[8]이(가) 깊은 유대를 발전시켰습니다.
\\N[8] - Sybil: Why are you so angry?,\\N[8] - 시빌: 왜 이렇게 화가 나 있어?
Sybil and \\N[8] have developed a deep bond.,시빌과 \\N[8]이(가) 깊은 유대를 발전시켰습니다.
\\N[8] - Abigayle: Instant chemistry,\\N[8] - 아비게일: 즉각적인 화학 반응
Abigayle and \\N[8] have developed a deep bond.,아비게일과 \\N[8]이(가) 깊은 유대를 발전시켰습니다.
\\N[8] - Narima: Can we take on the world?,\\N[8] - 나리마: 우리가 세상을 상대할 수 있을까?
Narima and \\N[8] have developed a deep bond.,나리마와 \\N[8]이(가) 깊은 유대를 발전시켰습니다.
\\N[8] - Zelos: Unbreakable together,\\N[8] - 젤로스: 함께라면 부술 수 없는
Zelos and \\N[8] have developed a deep bond.,젤로스와 \\N[8]이(가) 깊은 유대를 발전시켰습니다.
Sybil - Jules: Red oni and blue oni,시빌 - 줄스: 빨간 오니와 파란 오니
Zelos - Barnabas: Master Sergeant forever,젤로스 - 바나바스: 영원한 선임부사관
Zelos and Barnabas have become friends.,젤로스와 바나바스가 친구가 되었습니다.
\\N[8] - Narima: Noble warrior of Sayunaa,\\N[8] - 나리마: 사유나의 귀족 전사
\\N[8] - Abigayle: Princess of the Snow,\\N[8] - 아비게일: 눈의 공주
\\N[8] - Lysander: Shock and awe,\\N[8] - 라이샌더: 충격과 공포
Lysander and \\N[8] have become friends.,라이샌더와 \\N[8]이(가) 친구가 되었습니다.
\\N[8] - Lysander: Different kind of battlefield,\\N[8] - 라이샌더: 다른 종류의 전장
Sybil - Abigayle: Bonded,시빌 - 아비게일: 결속됨
Sybil and Abigayle have become blood sisters.,시빌과 아비게일이 피의 자매가 되었습니다.
Abigayle will cost half Capacity in Sybil's Squad.,아비게일은 시빌의 부대에 있을 때 보급 비용이 절반이 됩니다.
Sybil will cost half Capacity in Abigayle's Squad.,시빌은 아비게일의 부대에 있을 때 보급 비용이 절반이 됩니다.
Beatrix - Lysander: What's your angle?!,베아트릭스 - 라이샌더: 속셈이 뭐지?!
Diana - Zelos: Demons of dark and light,다이애나 - 젤로스: 어둠과 빛의 악마들
\\N[8] - Beatrix: Is this the real you?,\\N[8] - 베아트릭스: 이게 진정한 당신인가?
"Barnabas - Zelos: Son, and I am disappoint","바나바스 - 젤로스: 자네, 정말 실망이야"
Stefan - Diana: Broken,스테판 - 다이애나: 부서짐
Stefan - Lysander: Airships,스테판 - 라이샌더: 비행선들
Stefan and Lysander have become friends.,스테판과 라이샌더가 친구가 되었습니다.
Sybil - Diana: Self Sabotage,시빌 - 다이애나: 자기 파괴
Stefan - Abigayle: Last flame of Donar,스테판 - 아비게일: 도나르의 마지막 불꽃
Stefan has been friend-zoned.,스테판이 '좋은 남사친'이 되었습니다.
\\N[8] - Jaromir: Bulwark of the North,\\N[8] - 야로미어: 북쪽의 방어벽
Jules - Barnabas: Patience,줄스 - 바나바스: 인내
Sybil - Barnabas: Friendly Ribbing?,시빌 - 바나바스: 친근한 놀리기?
Sybil and Barnabas have become friends.,시빌과 바나바스가 친구가 되었습니다.
Stefan - Diana: Keeping Up Appearances,스테판 - 다이애나: 겉치레
\\N[8] - Lysander: White Flag of War,\\N[8] - 라이샌더: 전쟁의 백기
Narima - Jules: Ghosts of Ezrum,나리마 - 줄스: 에즈룸의 귀신들
Narima - Jaromir: Of the Snow and Sand,나리마 - 야로미어: 눈과 모래의
Narima and Jaromir have become friends.,나리마와 야로미어가 친구가 되었습니다.
"Jules - Barnabas: Melmonde, Sweet Home","줄스 - 바나바스: 멜몬드, 행복한 집"
Jules and Barnabas have become friends.,줄스와 바나바스가 친구가 되었습니다.
Beatrix - Lysander: Wha... Really?!,베아트릭스 - 라이샌더: 뭐... 정말?!
Beatrix and Lysander have developed a deep bond.,베아트릭스와 라이샌더가 깊은 유대를 발전시켰습니다.
Academy of War,전쟁 대학
Tactics and Command,전술과 명령
Crafts and Technology,제작과 기술
Apprentice Training,견습생 훈련
Unlocks a recruitment slot for apprentices.,견습생 모집 슬롯이 잠금 해제됩니다.
Mentorship,멘토십
"Non-leader Units in Squads now gain LDR at a modest rate, up to below 10 of the Squad Leader's current LDR stat.","부대장이 아닌 유닛들이 이제 보통 수준으로 통솔력을 획득합니다.  부대원의 통솔력 획득 최대 한계는, 부대장의 현재 통솔력 능력치 -10 입니다."
Merchant Envoys,상인 특사
"Expands the Mercenary and Item Trader pools, giving us more opportunity to hire experienced warriors and purchase exotic Artifacts.","용병 및 아이템 거래량을 늘려서, 경험 많은 전사를 고용하고 이국적인 유물을 구입할 수 있는 기회가 더 생깁니다."
Zones of Control,제어 구역
Enemy squads incur a movement penalty when moving between tiles that are adjacent to our Infantry type squads.,적의 부대가 보병 타입 부대와 인접한 타일 사이를 이동할 때 이동 페널티를 받습니다.
Battle Medics,야전 의무병
All 'Support' classes gain +20 Maximum HP.,모든 ‘지원’ 병과가 +20 최대 체력을 얻습니다.
Army Stables,군용 마구간
"It is now easier for our Cavalry Squads to achieve a Charge attack. Instead of requiring having moved 7 tiles before attacking, now they can move 6 tiles to achieve the same effect.","이제 기병 부대가 돌진 공격하기 더 쉬워집니다. 공격 전에 7타일 대신, 이제 6타일만 이동해도 돌격이 발동합니다."
Mixed Unit Tactics,혼합 유닛 전술
"Each unit gains +3 Weapon Power for each unit of a different type added to the Squad, starting with the 2nd unit type.","부대에 서로 다른 유닛 유형이 있을 시, 두 번째 유닛 유형부터 세기 시작해서, 다양한 각 유닛 유형마다 부대의 유닛은 +3의 무기 능력치를 얻습니다."
Identify Command Structure,지휘 구조 식별
We now have the ability to use the 'Target Leader' attack type.,이제 ‘부대장 집중공격’ 공격 유형을 이용할 수 있습니다.
Psych Warfare,심리전
Defeating enemy squad leader causes even more Morale damage.,적 부대장을 꺾으면 사기 피해를 더 유발합니다.
Standing Army,상비군
"All new Conscripts start at +1 Level, and with half Class Mastery of their starting class.","모든 새로운 징집병이 +1 레벨, 시작 병과의 병과 숙련도 절반으로 시작합니다."
Adept Artificer,능숙한 기능공
"Unlocks a second Artifact slot, allowing us to further customize our squads.","두 번째 유물 슬롯이 잠금 해제되어, 부대를 더 취향대로 설정할 수 있게 됩니다."
Crossbow Forging,석궁 단조
"We can now construct Crossbows, unlocking the Crossbowmen class.","이제 석궁을 만들 수 있어, 석궁병 병과가 잠금 해제됩니다."
Adept Metallurgy,전문 금속학
Grants Heavy Infantry and Heavy Cavalry +25 MaxHP.,중보병과 중기병이 +25 최대 체력을 얻습니다.
Steel Forging,강철 주조
Improved Steel Plate Armor grants our Heavy Infantry and Heavy Cavalry +5 Armor.,개선된 강철 판금 갑옷으로 중보병과 중기병의 방어력이 +5가 됩니다.
Journeyman Leathercraft,직인의 가죽공예
"Our Light Armor has advanced, enhancing the Armor of all Light Infantry, Light Cavalry, Archery, and Firearms units gain +5 Armor.","경갑옷이 향상되어, 모든 경보병, 경기병, 궁수, 화기 유닛에 +5 방어구가 부여됩니다."
Dragon Trainer,용 훈련사
"Familiarity with Dracology has given our Drakelings, Dragons, and Dragon Riders 25% faster Class Mastery gain from combat and a slightly increased chance to appear as mercenaries.","용학에 익숙해져 새끼 용, 용, 용기수가 전투에서 병과 숙련도가 25% 빨라지고, 용병으로 나타날 확률이 약간 증가합니다."
Martial Traditions,무술 전통
All units gain Class Mastery 15% faster.,모든 유닛의 병과 숙련도가 15% 빠르게 올라갑니다.
Warhorse Husbandry,전투마 축산
"Advanced breeding techniques have resulted in larger, hardier war horses. All Cavalry gains +50 Maximum HP.",고급 사육 기술로 더 몸집이 크고 튼튼한 전투마가 태어납니다. 모든 기병에 +50 최대 체력이 부여됩니다.
Sisterhood of Justice,정의의 자매회
"Acolytes, Paladins, Valkyries, Exemplar, and Titan receive an additional bonus to Magic Resistance based on a portion of their Armor.","견습 성기사, 성기사, 발키리, 수석 성기사, 타이탄이 방어구의 일정 부분에 따라 마법 저항력에 추가 보너스를 받습니다."
Sisterhood of Mercy,자비의 자매회
"Medic, Priestess, Templar, Hospitaller take 25% less damage with Paladin, Valkyrie, Exemplar or Titan in the same Squad","의무병, 여사제, 수호사제, 간호단은 같은 부대에 성기사, 발키리, 수석 성기사나 타이탄이 있을 시 25% 적은 피해를 입습니다."
Strategic Maneuvers,전략 기동
Cavalry squads now deal significant Morale damage when attacking with a Charge Attack.,기병 부대가 이제 돌격 공격으로 상당한 사기 피해를 입힙니다.
Polearm Mastery,장창 숙련
Polearm units now grant bonus attack and defense versus melee to any adjacent unit.,장창 유닛이 이제 인접한 아군 유닛에 근접 공격 관련 보너스 공격력과 방어력을 부여합니다.
Adaptive Battlefield Command,적응형 전장 지휘
We now have the ability to use the 'Aggressive' and 'Cautious' attack types.,이제 ‘공격적’과 ‘신중’ 공격 유형을 활용할 수 있습니다.
Popular Support,대중의 지지
"Squads gain a Morale bonus when within 3 tiles of a Base, Village, or Town owned by our faction.","부대가 우리 진영이 소유한 기지, 마을, 혹은 소도시에서 3타일 안에 있을 때 사기 보너스를 얻습니다."
Advanced Archery Technique,고급 궁술
+1 arrows fired (from 3 to 4) by Archery units at 2 or more range.,2타일 이상 범위에서 궁수 유닛들이 +1 화살을 발사합니다. (3에서 4로 늘어남)
Journeyman Artificer,직인 기능공
"Unlocks a 3rd Artifact slot, allowing us maximum customizability for our squads.","세 번째 유물 슬롯이 잠금 해제되어, 우리 부대에 최대한의 맞춤화 능력을 제공합니다."
Advanced Crossbows,고급 석궁
Crossbowmen and Rangers gain an additional 25% bonus damage against Heavy Infantry and Heavy Cavalry.,석궁병과 레인저가 중보병과 중기병에 대해 추가 25%의 보너스 피해를 입힙니다.
Advanced Material Science,고급 신소재 과학
Grants Heavy Infantry and Heavy Cavalry +25 Max HP for a cumulative effect of +50. Unlocks powerful firearms technologies.,중보병과 중기병이 +25 최대 체력을 추가로 얻어 도합 +50 추가 체력을 받습니다. 강력한 화기 기술을 잠금 해제합니다.
Obsidian Forging,흑요석 제련
"Now that we have a grasp on the powerful and rare metal named Obsidian, we can use it to enhance our existing Steel Plate Armor, granting Heavy Infantry and Heavy Cavalry an additional +5 Armor.","이제 강력하고 희귀한 흑요석이란 금속을 손에 넣었으니, 이를 이용하여 기존의 강철 판금 갑옷을 강화할 수 있습니다. 중보병과 중기병이 추가 +5의 방어구를 얻습니다."
Behemoth Leather Armor,베헤모스의 가죽 갑옷
"Using hides from the fearsome Behemoth, we can further enhance our Light Armor. Light Infantry, Light Cavalry, Archers, and Firearms gain an additional +5 to Armor.","두려운 베헤모스의 가죽을 사용하여, 경갑옷을 더 강화할 수 있습니다. 경보병, 경기병, 궁수, 총병이 추가 +5의 방어구를 얻습니다."
Mage Regiments,마도병 연대
"All 'Magician' and 'Support' classes are now of the 'Normal' unit type rather than 'Slow', and Magician attacks decay in power more slowly when used consecutively.","모든 ‘마법사’와 ‘지원’ 병과가 이제 ‘느림’ 대신 ‘일반’ 유닛 유형이 되고, 마법사의 공격이 연속적으로 사용됐을 때 위력이 보다 천천히 떨어집니다."
Magician's Initiative,마법사의 기선제압
Spells that have a charge-up turn can now be cast on the first turn of battle when on offense.,충전형 주문을 이제 공격 시 전투의 첫 번째 턴에서 시전할 수 있습니다.
Hex Mastery,저주 숙련도
Status effects from Magician and Dragon breath attacks have an increased chance to be inflicted.,마법사와 용의 숨결 공격의 상태이상이 이제 적용될 가능성이 높아집니다.
Spirit Piercing,정신 관통
Magician and Dragon breath attacks ignore 25% of the target's resistance.,마법사와 용의 숨결 공격이 대상의 저항력의 25%를 무시합니다.
Advanced Mobile Warfare,고급 기동 전쟁
Dragoons are now 'Light Cavalry' move type.,총기병이 이제 ‘경기병’ 이동 유형이 됩니다.
Advanced Flanking,고급 측면 공격
+15% Attack power when engaging in close range battles for each allied squad that is adjacent to the target enemy squad.,대상 적 부대에 인접한 각 아군 부대 당 근접 전투에 들어갈 때 +15%의 공격력
Optimized Tactics,전술 최적화
Improves effects of most special tactics.,특수 공격 유형 대부분의 효과가 개선됩니다
Supply Chain Mastery,보급망 숙련
"Villages, Towns, Castles, and Bases held by our faction now provide healing to our Squads within 3 tiles every turn.","우리 진영의 손에 들어온 마을, 소도시, 성, 기지가 이제 매 턴 3타일 내에 있는 우리 부대를 치유합니다."
Archer General,궁수 장군
"All 'Archery' classes are now of the 'Light' unit type, a massive advantage to mobility and ambushes.","모든 ‘궁수’ 병과가 이제 ‘가벼움’ 유닛 유형이 되어, 기동성과 매복에 엄청난 이득이 생깁니다."
Master Artificer,장인 기능공
All Artifacts cost -1 Capacity.,모든 유물의 보급 비용 -1.
Grapeshot,포도탄
Artillery attacks have increased splash radius and damage.,포병 공격의 폭파 범위와 피해가 증가합니다.
Gunsmithing,화기 제작
"We are now able to manufacture guns and cannons. Unlocks the Gunner, Dragoon, and Siege Cannon classes.","이제 총과 대포를 제조할 수 있습니다. 총병, 총기병, 공성 대포 병과가 잠금 해제됩니다."
Breech-Loading Gun,후미장전포
'Gunner' units and Artillery are no longer negatively affected by weather.,‘총병’ 유닛과 포병대가 이제 날씨에 부정적인 영향을 받지 않습니다.
Dragon Bond,용 유대
"Unlocks the Dragon Rider class. The ultimate unit type, allowing us to control Dragon flight ability to take to the skies.","용기수 병과가 잠금 해제됩니다. 궁극의 유닛 유형으로, 제공권을 장악하는 용 비행 부대를 다룰 수 있게 됩니다."
Grand Army,군단
ALL squads in the army gain +10 capacity limit.,군대의 모든 부대의 보급 한계가 +10 늘어납니다.
Professionalism,전문성
"New Conscripts start with mastery of all available Tier 1 classes, start with +3 Levels, and with full Loyalty to your cause.","새로운 징집병이 모든 티어 1 병과 숙련도를 완전히 가지게 되며, +3 레벨로 시작하고, 당신의 대의에 완전히 충성합니다."
Musketeering,총사대
Advanced firearm techniques grant our Gunners and Dragoons an additional attack.,고급 화기 기술이 우리 총병과 총기병들에게 추가 공격을 부여합니다.
Industrial Furnace,산업용 용광로
"We are now able to maintain high-energy blast furnaces, allowing for far more efficient processing of materials. -1 Iron and Obsidian costs for all units.","이제 고화력 용광로를 유지할 수 있어, 재료 처리 효율성이 대폭 높아집니다. 모든 유닛의 철과 흑요석 비용 -1."
Rifled Artillery,강선 포병대
+1 Range to Siege Cannons.,공성 대포 공격 범위 +1타일.
Hero has fallen in battle,영웅이 전투에서 쓰러졌습니다
Mission objective failed,미션 목표에 실패했습니다
Home Base has been captured,아군 기지가 함락 당했습니다
Chapter Complete!,장 완료!
Chapter Complete,장 완료
World Lore,세계관
Tactics and Strategy,전략과 전술
Class List,병과 목록
Terrains,지형
Reference Guide,참고 가이드
Tutorial,전술 가이드
Attack from a hill using Jules's Squad,줄스의 부대를 이용하여 언덕에서 공격
Seize all Map Objectives,모든 지도상 목표물 점령
Seize Eastwall Fortress,이스트월 요새 점령
\\N[8] is defeated in battle,\\N[8] 전투에서 패배
"Seize Marche, the Trade Town",무역 마을 마르셰 점령
Seize the Donari Temple,도나리교 사원 점령
Complete The Chapter within 10 turns,10 턴 내에 장 완료
Seize Centurion's Rest Compound,백인대장의 안식처 시설 점령
Barnabas is defeated before being recruited,바나바스가 합류하기 전에 패배함
No allied Imperial Army squads lost,사망한 아군 제국군 부대 없음
Cause an enemy Squad to Surrender,적 부대를 항복시키세요
Seize Centurion's Rest,백인대장의 안식처 점령
Stefan defeats an enemy in just 1 attack,스테판이 단 1번의 공격으로 적을 패배시킵니다
Open all Treasures,모든 보물 열기
\\N[8] escapes from prison,\\N[8] 감옥에서 탈출
Any friendly units are defeated in battle,어떤 아군 유닛이든 전투에서 패배
Find and rescue the dragon child,새끼 용을 찾아서 구출
Seize Fort Naxos,낙소스 요새 점령
\\N[8] is defeated in battle OR,\\N[8] 전투에서 패배 혹은
The enemy captures Granheim Abbey,적이 그렌하임 수도원을 점령합니다
"Seize Port Jenos, the Port Town",항구 마을 제노스 점령
Defeat Kuroda's squad in battle,쿠로다의 부대를 전투에서 패배시키세요
No enemy squads attack Fort Naxos,어떤 적 부대도 낙소스 요새를 공격하지 않습니다
Defend Fort Naxos for 15 turns OR,낙소스 요새를 15 턴 동안 방어 혹은
Destroy all enemy Squads + Seize Port Jenos,모든 적 부대 궤멸 + 제노스 항구 점령
The enemy captures Fort Naxos,적이 낙소스 요새를 점령합니다
Narima is not defeated in battle,나리마가 전투에서 패배하지 않음
Seize all Tidereaver ships,모든 타이드리버 배 점령
Seize the Tidereaver Flagship,타이드리버 기함 점령
Seize Greyden Slave Complex,그레이덴 노예 시설 점령
Recruit the Barek Tor Mercenary,바렉 토르 용병 모집
\\N[8] reaches Lemelin Monastery,\\N[8] 레멜린 대수도원 도착
Lysander is not defeated in battle,라이샌더가 전투에서 패배
No enemy squad attacks Lemelin Monastery,어떤 적 부대도 레멜린 대수도원을 공격하지 않습니다
No more than 4 Isanter squads are defeated,4개 이하의 이산테르 부대가 패배함
Defend Lemelin Monastery for 15 turns OR,15 턴 동안 레멜린 대수도원 방어 혹은
Seize Westerfield Fortress,웨스터필드 요새 점령
The enemy captures Lemelin Monastery,적이 레멜린 대수도원을 점령
No enemy squads attack Isanter Palace,어떤 적 부대도 이산테르 궁전을 공격하지 않습니다
Complete The Chapter within 12 turns,12 턴 내에 장 완료
Seize Trucea,트루세아 점령
The enemy captures Isanter Palace OR,적이 이산테르 궁전 점령 혹은
The enemy captures Lemelin Fortress,적이 레멜린 요새 점령
Complete The Chapter within 20 turns,20 턴 내에 장 완료
Complete The Chapter within 15 turns,15 턴 내에 장 완료
Seize Fort Eureeka,유리카 요새 점령
The enemy captures Trucea,적이 트루세아 요새 점령
Survive against Casamir's army for 2 turns,2 턴 동안 카사미르의 군대에 대항하여 생존
Survive against Casamir's army for 4 turns,4 턴 동안 카사미르의 군대에 대항하여 생존
Survive against Casamir's army for 6 turns,6 턴 동안 카사미르의 군대에 대항하여 생존
Defend Fort Eureeka OR,유리카 요새 방어 혹은
Defeat Casamir's entire army,카사미르의 전군 격파
The enemy captures Fort Eureeka,적이 낙소스 요새 점령
Seize Rimorgue and Stormrook,리모르그와 스톰루크 점령
Hand of Zanatus is defeated in battle,자나투스의 손이 전투에서 패배
Diana reaches the stairs to the dungeon,다이애나가 지하감옥의 계단에 도달
Diana is defeated in battle,다이애나가 전투에서 패배
Destroy bridge after all children are safe,어린이들을 구한 다음 다리 파괴
Diana reaches Centurion's Rest,다이애나가 백인대장의 안식처에 도달
Diana is defeated in battle OR,다이애나가 전투에서 패배 혹은
None of the escaping children survive,탈출한 어린이 중 아무도 생존하지 못함
Seize Imperial Sally Port,제국 황궁 후면 진입로 점령
The enemy captures Diana Front Base,적이 다이애나의 전진 기지 점령
Avoid battle with the Hand of Zanatus,자나투스의 손과 전투 회피
Diana reaches the Portal to Mount Ptolomea,다이애나가 프톨로메아 산 포털에 도달
Use a Nephilim Power,네필림 권능 사용
Seize Embor,엠보어 점령
The enemy captures Centurion's Rest,적이 백인대장의 안식처 점령
"Narima, Raskuja, and Sybil survive","나리마, 라스쿠자, 시빌 생존"
Defend Eastwall Fortress for 10 turns OR,10 턴 동안 이스트월 방어 혹은
Destroy all enemy Squads,모든 적 부대 처치
Lysander is defeated in battle OR,라이샌더가 전투에서 패배 혹은
The enemy captures Eastwall Front Base,적이 이스트월 전진 기지 점령
Avoid taking hazard damage from lava,용암 지형의 지형 피해를 받지 않음
\\N[8] reaches the Stone Gate,\\N[8] 석문에 도달
"Seize Felnamia, the castle town","성이 있는 소도시, 펠나미아 점령"
\\N[8] reaches the Donari Temple,\\N[8] 도나리교 사원에 도달
Sybil is defeated in battle OR,시빌이 전투에서 패배 혹은
The enemy captures Felnamia Front Base,적이 펠나미아 전진 기지 점령
Azuros does not fall below 50% HP,아주로스가 50% 체력 밑으로 떨어지지 않음
"Seize the enemy Home Base, Nikeda Redoubt","적 기지, 니케다 보루 점령"
Azuros is defeated in battle OR,아주로스가 전투에서 패배 혹은
The enemy captures Eberminster,적이 에버민스터 점령
Do not kill any Sisterhood of Mercy,자비의 자매회를 단 한 명도 죽이지 마세요
Destroy all of the Zanatus Mages,자나투스 마법사를 모두 처치
Edelia is defeated in battle,에델리아가 전투에서 패배
No enemy squads escape,어떤 적 부대도 탈출하지 못함
Destroy all enemy Squads OR,모든 적 부대 처치 혹은
All enemy Firearms Squads Retreat,모든 적 화기 부대 후퇴
\\N[8] reaches the dungeon staircase,\\N[8] 지하감옥 계단 도달
"Seize Blackstone, the Tidereaver Base",타이드리버 기지 블랙스톤 점령
Seize Crestmoor,크레스트무어 점령
The enemy captures Sandraka Front Base,적이 산드라카 전진 기지 점령
Seize all Objectives,모든 목표물 점령
Seize Greywind Shrine,그레이윈드 사당 점령
Jules is not defeated in battle,줄스가 전투에서 패배
Survive for 6 turns OR,6 턴 동안 생존 혹은
Seize all Mines,모든 광산 점령
Seize Fort Dakur,다쿠르 요새 점령
The enemy captures Ezrum,적이 에즈룸 점령
Cause at least 3 Sayunaari squads to Surrender,셋 이상의 사유나 부대를 항복하게 만들기
Seize Sayunaa,사유나 점령
The enemy captures Fort Dakur,적이 다쿠르 요새 점령
Seize Rimorgue,리모르그 점령
The enemy captures Nephilim Army Base,적이 네필림 군 기지 점령
Destroy no more than 3 Imperial Squads,셋 이하의 제국군 부대 처치
Seize Armitage,아미티지 점령
Rescue Alex within 10 turns,10 턴 내에 알렉스 구출
Defeat Casamir,카사미르 격파
Defeat Lysander,라이샌더 격파
Defeat Zanatus,자나투스 격파
Capture the Enemy Base,적 기지 점령
Lose 5 or more squads,5개 이상의 부대 손실
Home Base is captured,아군 기지가 점령됨
Survive for 30 Rounds OR,30 라운드 동안 생존 혹은
Lose all squads,모든 부대 손실
Shattered,충격 받음
Shaken,놀람
Fearful,겁먹음
Fair,괜찮음
Good,좋음
Excellent,뛰어남
Fearless,겁없음
Meteor,운석 소환
"Meteor: Deal 25% of Max HP of all Units in all enemy Squads in a cross-shaped area of effect, cannot damage beyond 75% Max HP lost, does not affect bosses.","운석 소환: 십자가 모양의 범위내 적 부대의 모든 유닛에게 효과로 최대 체력의 25% 피해를 입힙니다. 최대 체력 75% 이상의 피해는 입힐 수 없고, 보스에게는 영향이 없습니다."
Teleport,순간 이동
Teleport: Instantly move a friendly Squad to any valid tile within 5 tiles of that Squad’s current location. Does not consume any move points or actions.,순간 이동: 즉시 아군 부대를 해당 부대의 현재 위치에서 5 타일 내의 어떤 유효한 타일로든 이동시킵니다. 이동 포인트나 행동을 소모하지 않습니다.
Exemplar,모범
Exemplar: A friendly Squad resists 50% of all damage for one entire player phase + enemy phase. Enemies will always target this Squad.,모범: 플레이어 차례 + 적 차례 동안 아군 부대가 모든 피해량의 50%에 저항합니다. 적은 언제나 이 부대를 대상으로 합니다.
Terror,공포
Terror: Inflicts massive Morale damage to every enemy Squad within a 3x3 tile area of effect.,공포: 3x3 범위 효과 타일 내의 모든 적 부대에게 대량의 사기 피해를 입힙니다.
Blessing,축복
"Blessing: Refresh a friendly Squad, giving them another full turn during the same player phase.","축복: 아군 부대에 활력을 부여하여, 플레이어 차례 동안 또 한 번의 완전한 턴을 줍니다."
Basic Infantry. Front line warrior who can provide cover. Has the most options for growth into other unit types.,기본 보병. 전열에서 아군을 보호할 수 있는 전사. 다른 병과로 승급할 수 있는 선택지가 가장 많습니다.
Fighter,전사
"A child dragon with basic fire breath. In time, will mature in a formidable adult.",기본 화염 숨결을 뿜는 어린 용. 시간이 지나면 성장하여 강력한 성체가 됩니다.
Drakeling,새끼 용
"A young adult dragon, breathes fire in a wide swath. Can specialize into more advanced dragons.","어린 성체 용으로, 넓은 범위에 화염 숨결을 뿜습니다. 더 고급 용으로 승급할 수 있습니다."
Dragon,용
A mature dragon specializing in powerful fire breath. May learn how to become a Red Dragon Rider.,강력한 화염 숨결에 특화된 성체 용. 붉은 용기수가 되는 법을 배울 수 있습니다.
Red Dragon,붉은 용
A mature dragon specializing in powerful lightning breath. May learn how to become a Blue Dragon Rider.,강력한 번개 숨결에 특화된 성체 용. 푸른 용기수가 되는 법을 배울 수 있습니다.
Blue Dragon,푸른 용
A mature dragon specializing in powerful ice breath. May learn how to become a Silver Dragon Rider.,강력한 얼음 숨결에 특화된 성체 용. 은빛 용기수가 되는 법을 배울 수 있습니다.
Silv. Dragon,은빛 용
"The ultimate evolution of the Red Dragon, it can now take to the skies and deliver devastating fire breath.","붉은 용의 궁극적 진화로, 이제 파괴적인 화염 숨결을 뿜으며 하늘을 장악할 수 있습니다."
Red D.Rider,붉은 용기수
"The ultimate evolution of the Blue Dragon, it can now take to the skies and deliver devastating lightning breath.","푸른 용의 궁극적 진화로, 이제 파괴적인 번개 숨결을 뿜으며 하늘을 장악할 수 있습니다."
Blue D.Rider,푸른 용기수
"The ultimate evolution of the Silver Dragon, it can now take to the skies and deliver devastating ice breath.","은빛 용의 궁극적 진화로, 이제 파괴적인 얼음 숨결을 뿜으며 하늘을 장악할 수 있습니다."
Silv. D.Rider,은빛 용기수
"Basic Infantry. Can be part of a Light Squad, who specialize in rough terrain and ambushes.",기본 보병. 거친 지형과 매복에 특화된 경보병 부대의 일원이 될 수 있습니다.
Militia,민병대
Basic Archery unit. Can attack from 2 tiles away.,기본 궁수 유닛. 2 타일 거리에서 공격할 수 있습니다.
Bowman,활잡이
Basic Support unit. Able to provide healing in and out of battle.,기본 지원 유닛. 전투 내외에서 치유를 제공할 수 있습니다.
Medic,의무병
"Front line Heavy Infantry. Heavily armored, and protects back lines with Cover.","전열에 서는 중보병. 중갑옷을 입고, 후열을 보호합니다."
Soldier,정규보병
Front line Heavy Infantry. Polearms are strong against Cavalry.,전열에 서는 중보병. 장창은 기병에게 강합니다.
Spearman,창병
"Basic Heavy Cavalry. Heavily armored, and protects back lines with Cover.","기본 중기병. 중갑옷을 입고, 후열을 보호합니다."
Cavalier,기마병
Heavy Infantry. Deals Striking damage. Gets a bonus to Magic Defense from a portion of her Armor.,중보병. 타격 피해를 가합니다. 방어구 수치 일부에서 마법 방어력 보너스를 얻습니다.
Skirmisher,척후병
"Basic Light Cavalry. Can Ambush, and is strong against enemy Cavalry.","기본 경기병. 매복할 수 있고, 적 기병에 대해 강합니다."
Scout,정찰기병
"Specialized Light Infantry. On offense, will execute a Stealth attack, striking the back row.","특화된 경보병. 공격 시 은신 공격을 수행하고, 후방을 칩니다."
Rogue,도적
Standard Archery unit. Can attack from 2 tiles away. Has the potential to upgrade to a class with 3 tile range.,표준형 궁수 유닛. 2 타일 거리에서 공격할 수 있습니다. 3타일 사정 거리를 가지는 병과로 승급할 수 있습니다.
Archer,궁수
"Specialized Archery unit. Can attack from 2 tiles away, and gets a bonus against Heavy troops.","특화된 궁수 유닛. 2 타일 거리에서 공격할 수 있으며, 중갑옷 유닛에 대항하여 보너스를 얻습니다."
Crossbowman,석궁병
"Light Cavalry Archer. Can fire from 2 tiles, ambush, and hit-and-run.","경 기마 궁수. 2 타일 거리에서 발사하며, 매복, 치고 빠지기가 가능합니다."
Horsebow,궁기병
"Standard Light Infantry. Very strong attack, but sacrifices almost all defense.","표준 경보병. 아주 강력한 공격을 하지만, 거의 모든 방어력을 희생했습니다."
Swordfighter,검사
Basic Magician unit. Launches a Fire elemental magic attack with a small area effect.,기본 마법사 유닛. 작은 범위 효과가 있는 화염 원소 마법 공격을 가합니다.
Apprentice,견습생
"Standard Support unit. Able to provide healing in and out of battle, with much greater ability than the Medic.","표준 지원 유닛. 전투 내외에서 치유를 제공할 수 있으며, 의무병보다 능력이 훨씬 높습니다."
Priestess,여사제
Specialized Magician unit. Launches a Dark elemental magic attack that has a chance to stun and/or daze the target.,특화된 마법사 유닛. 대상을 기절 및 현혹할 확률이 있는 어둠 원소 마법 공격을 가합니다.
Siren,사이렌
Powerhouse defensive Heavy Infantry. Uses a polearm and has a special defense against Firearms attacks.,"강력한 방어적 중보병. 장창을 이용하며, 화기 공격에 대한 특수 방어력이 있습니다."
Sentinel,수호자
Powerhouse Heavy Infantry. Executes a double-attack against a single enemy.,강력한 중보병. 단일 적에 대하여 두 번 연속 공격을 수행합니다.
Champion,챔피언
"Specialized Heavy Infantry. Attack hits a wide-arc, striking the units adjacent to the target in the same row.","특화된 중보병. 공격이 넓은 호를 그리며, 대상과 같은 세로줄에 위치한 유닛들을 칩니다."
Zweihander,양손검사
"Specialized Heavy Infantry. The ultimate Polearm attacker, whose attacks strike the units behind the target.","특화된 중보병. 궁극의 장창 공격수로, 공격이 대상 유닛과 그 뒤의 유닛들을 칩니다."
Centurion,백인대장
Versatile Heavy Infantry. Possesses the Polearm skill of a Spearman with the bow attacks of an Archer. 35% More base Evasion than other Heavy classes.,다용도 중보병. 창병의 장창술과 궁수의 활 공격을 갖췄습니다. 다른 중기갑 병과보다 기본 회피율이 35% 높습니다.
Samurai,사무라이
"Specialized Heavy Infantry. Deals Striking damage. Gets a bonus to Magic Defense from a portion of her Armor, and deals extra damage to Magicians. Can heal self or ally under 50% HP once per battle.","특화된 중보병. 타격 피해를 가합니다. 방어구 수치 일부에서 마법 방어력 보너스를 얻고, 마법사에게 추가 피해를 입힙니다. 전투 당 한 번 자신이나 체력 50% 이하의 아군을 치유할 수 있습니다."
Paladin,성기사
Powerhouse Heavy Cavalry. Has a special defense against Archery attacks.,강력한 중기병. 궁수 공격에 대해 특별한 방어력이 있습니다.
Knight,기사
"Versatile Heavy Cavalry. Brings the healing ability of the Hospitaller, but can now attack in battle and execute Charge attacks.","다용도 중기병. 간호단의 치유 능력이 있으나, 전투에서 공격할 수 있으며 돌진 공격을 수행할 수 있습니다."
Valkyrie,발키리
"Specialized Light Infantry. Can Ambush, and gets a significant SKL bonus while fighting in Rough terrain, and can fire a precision bolt.","특화된 경보병. 매복할 수 있고, 거친 지형에서 전투할 때 상당한 재주 보너스를 얻으며, 정밀 투사체를 발사합니다."
Ranger,레인저
"Specialized Light Infantry. On offense, will execute a Stealth attack, striking the back row, with much greater ability than the Rogue.","특화된 경보병. 공격 시 은신 공격을 수행하고, 후방을 치며, 도적보다 능력이 훨씬 큽니다."
Assassin,암살자
"Powerhouse Light Cavalry. Can Ambush, and is strong against enemy Cavalry, with much greater ability than the Scout.","강력한 경기병. 매복할 수 있고, 적 기병에 대해 강하며, 정찰기병보다 능력이 훨씬 큽니다."
Hussar,창기병
Powerhouse Archery unit. Can attack from up to 3 tiles away.,강력한 궁수 유닛. 3 타일 거리에서 공격할 수 있습니다.
Warbow,저격수
"Powerhouse Light Cavalry Archer. Can fire from 2 tiles, ambush, and hit-and-run, with much greater ability than the Horsebow.","강력한 경기병 궁수. 2 타일 거리에서 발사하고, 매복하고, 치고 빠지기가 가능하며 궁기병보다 능력이 더 큽니다."
Raider,급습기병
"Ultimate Support unit. Able to provide healing in and out of battle, with the greatest possible proficiency.","궁극의 지원 유닛. 전투 내외에서 치유를 제공할 수 있으며, 능력이 훨씬 강합니다."
Templar,수호사제
"Specialized Support unit. Able to provide healing in and out of battle, with the mobility of Cavalry.","특화된 지원 유닛. 전투 내외에서 치유를 제공할 수 있으며, 기병의 기동성이 있습니다."
Powerhouse Magician unit. Launches a powerful Fire elemental magic attack that hits the entire target Row.,강력한 마법 유닛. 강력한 화염 속성 마법 공격을 가하여 대상 세로줄 전체를 타격합니다.
Fire Mage,화염 마법사
"Specialized Magician unit. Launches an Ice elemental magic attack that hits a large area of effect, and inflicts Chill on targets.","특화된 마법사 유닛. 얼음 속성 마법 공격을 가하여 넓은 범위 공격을 가하며, 대상들에게 냉기를 적용합니다."
Ice Mage,얼음 마법사
Powerhouse Magician unit. Launches a powerful Lightning elemental magic attack that hits the entire target Column.,강력한 마법 유닛. 강력한 번개 속성 마법 공격을 가하여 대상 가로줄 전체를 타격합니다.
Lit.Mage,번개 마법사
"Specialized Magician unit. Launches a Dark elemental magic attack that hits a large area of effect, with a chance to inflict Stun and Daze.","특화된 마법사 유닛. 어둠 속성의 마법 공격을 가하여 넓은 효과 범위를 타격하며, 기절과 멍함 상태이상을 부여할 가능성이 있습니다."
Sorceress,여마법사
Standard Firearms unit. Attacks are extremely powerful and bypass almost all Armor.,표준형 화기 유닛. 공격이 극히 강력하며 거의 모든 방어구를 우회합니다.
Gunner,총병
Specialized Firearms unit. Attacks are extremely powerful and bypass almost all Armor. Has the mobility of Cavalry.,특화된 화기 유닛. 공격이 극히 강력하며 거의 모든 방어구를 우회합니다. 기병의 기동성이 있습니다.
Dragoon,총기병
Specialized Firearms unit. Can only attack on offense. Launches a powerful barrage from up to 3 tiles away.,특화된 화기 유닛. 공격 시에만 교전할 수 있습니다. 3 타일 거리에서까지 강력한 일제 사격을 가합니다.
S. Cannon,공성 대포
Powerhouse offensive Light Infantry. Executes a powerful double-attack.,강력한 공격형 경보병. 강력한 두 번 연속 공격을 수행합니다.
Swordmaster,소드마스터
Powerhouse offensive Light Infantry. Executes a powerful double-attack. Attacks with a bow at 2+ range.,강력한 공격형 경보병. 강력한 두 번 연속 공격을 수행합니다. 2타일 이상 범위에서는 활로 공격합니다.
Blademaster,블레이드마스터
Diana's empowered form.,다이애나의 변신 형태.
Titan,타이탄
"Diana's smaller form, with the same abilities as the Titan.","다이애나의 더 작은 형태로, 타이탄과 동일한 능력이 있습니다."
What would I do if I abandon my destiny?,내가 내 운명을 포기한다면 난 어쩌지?
You're not getting rid of me that easily.,그렇게 쉽게 날 없앨 순 없지.
"Hey, come on! I never abandon my friends.","아, 이러기야! 난 친구들을 절대 버리지 않는다고."
"No, not again... let me prove myself to you!","아, 또야....네게 날 증명해 보일게!"
Early retirement ain't for me quite yet.,난 아직 조기 퇴역할 생각이 없어.
"Yeah, right. What would you do without this face?","하이고, 퍽이나. 이 미남 없이 어쩔 셈이야?"
I will die long before considering surrender.,항복을 고민하느니 차라리 죽겠어요.
What... why? Don't leave me alone out here!,그게 무슨...대체 왜요?여기 절 혼자 두지 마세요!
You must realize our fates are inexorably linked.,우리 운명이 냉혹하게 연결되어 있다는 걸 너도 깨달아야 해.
I have worked far too hard to quit now.,지금 그만두기엔 일을 너무 열심히 했네요.
Raskuja is to be fulfilling his contract.,라스쿠자는 이 계약을 지킬 거야.
The Avatar of Donar finds me unworthy...?,도나르의 현신께서 날 자격 없다 여기시는 건가...?
Ha! Please. You wouldn't want me as an enemy.,"하! 오 제발, 날 적으로 두지 않는 편이 좋을 걸."
Is this some kind of childish joke?,이건 뭐 유치한 농담인가?
All I have left is to kill the demon.,내게 남은 거라곤 악마를 죽이는 것 뿐이야.
\\M[tactic_normal.png]Normal Attack,\\M[tactic_normal.png]일반 공격
"\\M[tactic_normal.png]Normal Attack\\LINEBalanced attack, no special bonuses or penalties","\\M[tactic_normal.png]일반 공격\\LINE균형 잡힌 공격, 특별한 보너스나 페널티가 없음"
"\\M[tactic_normal.png]Normal Attack\\LINEBalanced attack, no special bonuses or penalties.","\\M[tactic_normal.png]일반 공격\\LINE균형 잡힌 공격, 특별한 보너스나 페널티가 없음."
\\M[tactic_forcesurrender.png]Force Surrender,\\M[tactic_forcesurrender.png]투항 권고
"\\M[tactic_forcesurrender.png]Force Surrender\\LINEAttempt to negotiate a surrender.  If the attempt fails, enter combat and lose your first turn in the next combat while taking 15% additional damage on first turn.  Enemies defeated in next combat have chance to surrender.","\\M[tactic_forcesurrender.png]투항 권고\\LINE항복 협상을 시도합니다. 시도가 실패할 경우 전투에 돌입하며, 플레이어의 부대는 첫 공격이 생략되고 바로 적의 첫 번째 반격이 시작되며, 피해를 15% 추가로 받습니다. 이후 두 번째 공격에서 처치된 적은 항복하게 됩니다."
"\\M[tactic_forcesurrender.png]Force Surrender\\LINEAttempt to negotiate a surrender.  If the attempt fails, enter combat and lose your first turn in the next combat.  Enemies defeated in next combat have chance to surrender.","\\M[tactic_forcesurrender.png]투항 권고\\LINE 항복 협상을 시도합니다. 시도가 실패할 경우 전투에 돌입하며, 플레이어의 부대는 첫 공격이 생략되고 바로 적의 첫 번째 반격이 시작됩니다. 이후 두 번째 공격에서 처치된 적은 항복하게 됩니다."
\\M[tactic_cautious.png]Cautious,\\M[tactic_cautious.png]신중
\\M[tactic_cautious.png]Cautious\\LINESpread damage between targets as much as possible.  Deal -15% and take -25% damage until the start of next Player Phase.,\\M[tactic_cautious.png]신중\\LINE가능한 한 대상들 사이에 피해를 분산시킵니다.  다음 플레이어 차례가 시작될 때까지 -15%의 피해를 가하고 -25%의 피해를 입습니다.
\\M[tactic_cautious.png]Cautious\\LINESpread damage between targets as much as possible.  Deal -15% and take -35% damage until the start of next Player Phase.,\\M[tactic_cautious.png]신중\\LINE가능한 한 대상들 사이에 피해를 분산시킵니다.  다음 플레이어 차례가 시작될 때까지 -15%의 피해를 가하고 -35%의 피해를 입습니다.
\\M[tactic_aggressive.png]Aggressive,\\M[tactic_aggressive.png]공격적
\\M[tactic_aggressive.png]Aggressive\\LINETarget weak and low HP enemies.  Deal +15% damage and take +35% damage until the start of next Player Phase.,\\M[tactic_aggressive.png]공격적\\LINE약하고 체력이 낮은 적들을 대상으로 삼습니다.  다음 플레이어 차례가 시작될 때까지 +15%의 피해를 가하고 +35%의 피해를 입습니다.
\\M[tactic_aggressive.png]Aggressive\\LINETarget weak and low HP enemies.  Deal +25% damage and take +35% damage until the start of next Player Phase.,\\M[tactic_aggressive.png]공격적\\LINE약하고 체력이 낮은 적들을 대상으로 삼습니다.  다음 플레이어 차례가 시작될 때까지 +25%의 피해를 가하고 +35%의 피해를 입습니다.
\\M[tactic_leader.png]Target Leader,\\M[tactic_leader.png]부대장 집중공격
"\\M[tactic_leader.png]Target Leader\\LINEAttack Leader or anyone blocking Leader.  +35% hit rate, -25% evasion until the start of next Player Phase.","\\M[tactic_leader.png]부대장 집중공격\\LINE부대장을 공격하거나 부대장을 막고 있는 대상을 공격합니다.다음 플레이어 차례가 시작될 때까지 적중률 +35%, 회피 -25%."
"\\M[tactic_leader.png]Target Leader\\LINEAttack Leader or anyone blocking Leader.  +35% hit rate, -10% evasion until the start of next Player Phase.","\\M[tactic_leader.png]부대장 집중공격\\LINE부대장을 공격하거나 부대장을 막고 있는 대상을 공격합니다.다음 플레이어 차례가 시작될 때까지 적중률 +35%, 회피 -10%."
\\M[tactic_normal.png]Balanced,\\M[tactic_normal.png]균형
Buy,구매
OR,OR
Sell,판매
Info,정보
Owned,보유
Buying: ,구매: 
Selling: ,판매: 
+2 Squad Capacity,+2 부대 보급 한계
-25% Dark Resist,-25% 어둠 저항
"Leader gets extra turn, followers deal","부대장이 추가 행동을 얻고, 부대원들이"
 , 
-25% damage,-25% 피해를 가합니다.
+25% Damage dealt to larger Squads,자신보다 유닛이 많은 부대에 +25%의 피해를 가합니다
-25% Damage dealt to smaller Squads,자신보다 유닛이 적은 부대에 -25%의 피해를 가합니다
+5% Evasion,+5% 회피
+50% Damage to Dragons,용에게 +50%의 피해
+15% Damage to Cavalry,기병에 +15%의 피해
+10% Dark Resist,+10% 어둠 저항
-100% Magic,-100% 마력
Squad can Ambush,부대가 매복할 수 있습니다
+25% Damage dealt to Boss Squads,보스 부대에 +25%의 피해를 가합니다
Only applies to Human targets,인간 대상에게만 적용됩니다
+20% Healing Power in combat,전투에서 +20% 치유 능력
+15% Hit Rate,+15% 적중률
+5 Squad Capacity,+5 부대 보급 한계
Archery attacks bypass wall and,궁수 공격이 성벽과
woods defenses,숲의 방어를 우회합니다
Squad deals +20% damage when,부대가 성벽에서 성벽이 아닌 곳을 공격할 때
attacking from wall to non-wall,+20%의 피해
+10% Out of combat Healing Power,+10%의 전투 외 치유 능력
+25% Dark Resist,+25% 어둠 저항
+3 Squad Capacity,+3 부대 보급 한계
-15% damage taken on defense,방어 시 -15%의 피해를 입습니다
No movement penalty in Woods,숲에서 이동 페널티가 없습니다
+3% Evasion,+3% 회피
-25% damage taken from Swords,칼에 공격받을 시 피해가 -25% 됩니다
-35% Damage taken from Archery,활에 공격받을 시 피해가 -35% 됩니다
-35% Damage taken from Firearms,화기에 공격받을 시 피해가 -35% 됩니다
-10% Damage taken from Dragons,용에게서 -10%의 피해를 받습니다
Gain STR for every point of MAG,마력 포인트 당 동일한 힘 포인트를 얻습니다
MAG is set to zero,마력이 0이 됩니다
-15% Damage taken from Firearms,화기에 공격받을 시 피해가 -15% 됩니다
-15% Damage taken from Archery,활에 공격받을 시 피해가 -15% 됩니다
Front row takes -25% damage,앞줄에서 -25%의 피해를 입습니다
Squad is locked at 'Fearful' Morale,부대가 ‘두려움’ 사기 상태에 고정됩니다
Defeated enemies Surrender if able,패배한 적이 가능하면 항복합니다
+7% Evasion,+7% 회피
Immune to Magical Stun effect,마법 기절 효과에 면역이 됩니다
Melee attackers can attack up walls,근접 공격자들이 성벽 위를 공격할 수 있습니다
Squad is more likely to be attacked,부대가 공격 당할 가능성이 더 높아집니다
"+2 Move Points, but starts with","+2 이동 포인트, 대신"
less Morale,사기가 적어진 채 시작합니다
+4 Squad Capacity,+4 부대 보급 한계
One free heal per battle,전투 당 한 번의 무료 치유
33% Chance to have a second turn,두 번째 턴이 33% 확률로 생깁니다
5% Hit and Evasion for the entire,해당 부대가 배치된 동안 아군
Army while Squad is deployed,전체 명중률 및 회피율 5% 증가
Gain double XP and CP from combat,전투에서 XP와 CP 두 배를 획득
Gain HP from kills,적 유닛 사망시 체력 획득
Take 10% HP damage per Phase,차례 당 10%의 체력 피해를 입습니다
Double item drop rate from battles,전투에서 아이템 드롭 확률 두 배
Immune to Critical Hits,치명타에 면역
-1 Squad Movement,-1 부대 이동
Always attack first when defending,방어 시 항상 먼저 공격
Does not work when being Ambushed,매복 당할 때는 작동하지 않습니다
Only works 3 times per phase,차례 당 3번만 작동합니다
Deal +25% damage on defense,방어 시 +25%의 피해를 입힙니다.
Greatly reduce chance to be,치명타를 받을 확률이
critically hit,대폭 줄어듭니다
Inflict Chill on enemy Squad,적 부대에게
at start of battle,전투 시작 시 냉기를 적용합니다
Squad heals 10% each player phase,각 플레이어 차례 당 부대가 10% 치유됩니다
Squad ignores enemy defense,"부대가 성벽, 요새, 기지에서의"
Squad takes no damage from,부대가 위험 타일에서의
hazard tiles,피해를 받지 않습니다
-25% Fire Damage taken,-25% 화염 피해를 입습니다
Squad ignores Zones of Control,부대가 제어 구역을 무시합니다
+10% Evasion,+10% 회피
Lucky Trait to all units in Squad,부대의 모든 유닛에 행운 특성이 생깁니다
Squad is now Flying movement,부대가 이제 비행 이동을 합니다
Squad Threat is reduced to 0,부대 위협이 0으로 감소합니다
Squad can now move after actions,부대가 이제 액션 후에도 이동합니다
post-action move if already Cavalry,이미 기병인 경우 액션 후 이동
+50% HP of summoned Undead,소환된 언데드에 +50% 체력
Squad is immune to Stealth Attacks,부대가 은신 공격에 면역이 됩니다
Gain SKL for every point of MAG,마력 포인트 당 재주를 얻습니다
Light Infantry costs -2 Capacity,경보병에 -2 보급 비용
Cost:,비용:
Unlock this tech?,이 기술을 잠금 해제할까요?
Obtain: ,획득: 
Sell For: ,판매 가격: 
Set the main volume level,주 볼륨 레벨 설정
Set the music volume level,음악 볼륨 레벨 설정
Set the volume level for sound effects,음향 효과 볼륨 레벨 설정
Set the volume for voice clips,음성 클립 볼륨 설정
Cursor moves quickly on the tactical map,커서가 전술 지도에서 빠르게 이동합니다
Show text all at once,텍스트를 한 번에 표시합니다
Enable Tutorials,전술 가이드 활성화
Allow mouse navigation,마우스 내비게이션을 허용합니다
Highlight target tile for mouse navigation,마우스 내비게이션에서 대상 타일을 하이라이트 하여 보여줍니다
Toggle Fullscreen,풀 스크린 켜기/끄기
Change the difficult level of enemies\NEWLINEThis will affect all enemy stats,적의 난이도 변경\NEWLINE이는 모든 적 능력치에 영향을 줍니다
Leave the current chapter\NEWLINEProgress will be reset,현재 장 나가기\NEWLINE진행도가 초기화됩니다
Leave the current chapter\NEWLINEEnemies will respawn,현재 장 나가기\NEWLINE적들이 리스폰됩니다
Exit the game\NEWLINEUnsaved progress will be lost,게임 나가기\NEWLINE저장하지 않은 진행도는 사라집니다
Restore settings to default,기본 설정 복구
Set the battle speed,전투 속도 설정
Toggle viewing battle scene,전투 장면 보기 켜기/끄기
Non-story characters incapacitated after a mission are lost forever.\NEWLINETheir resources will be refunded.,"주,조연 등장인물이 아닌 캐릭터가 전투불능이 된 채로 미션이 종료될 시 영원히 사라집니다.\NEWLINE이 캐릭터들의 자원은 반환됩니다."
"Enables passive XP, CP, and LDR growth for units that are far behind.\NEWLINEApplies to deployed squads for story missions, all units for Arena.","많이 뒤처진 유닛들의 패시브 XP, CP, 통솔력 성장이 활성화됩니다.\NEWLINE스토리 미션을 위해 배치된 부대, 투기장의 모든 유닛에 적용됩니다."
Select from preset window size options,사전 설정 창 사이즈 옵션에서 선택하세요
Allows the game client to be resized by using mouse.\NEWLINERequires Restart.,마우스를 사용하여 게임 클라이언트 사이즈 조정을 허용합니다.\NEWLINE재시작해야 합니다.
Precisely scales pixels at integer multiples.\NEWLINERequires Restart.,픽셀을 정수 배율로 정확히 확대합니다.\NEWLINE재시작해야 합니다.
"If Integer Scaling is enabled, upscales from the closest integer multiple.\NEWLINERequires Restart","정수비 확대를 활성화하면, 가장 근사치의 정수비로 확대됩니다.\NEWLINE재시작해야 합니다."
Uses linear interpolation to upscale in-game images where possible.\NEWLINE(Recommended: Enabled) Requires Restart,가능할 때 게임 내 이미지를 확대하는 데 선형 보간법을 활용합니다.\NEWLINE(추천: 켜기) 재시작해야 합니다
Workaround for graphics drivers that don't sync texture access.\NEWLINEUse if letters fail to print sometimes.,텍스처 액세스와 싱크되지 않는 그래픽 드라이버의 해결책입니다.\NEWLINE때로 글자가 나오지 않을 때 사용하세요.
"Enables framebuffer blittling if the driver is capable of it.\NEWLINEImages may render slightly faster, but incompatible with certain graphics cards. (Default: Disabled)","드라이버가 가능할 때 프레임버퍼 블리틀링을 켭니다.\NEWLINE이미지가 약간 더 빠르게 렌더링될 수 있는 대신, 특정 그래픽 카드와는 호환되지 않습니다. (기본: 끔)"
LEVEL UP!,레벨 업!
Class Mastery Up!,병과 숙련도 상승!
Surrender!,항복!
Retreat!,후퇴!
PROMOTE!,승급!
GOLDEN!,정예!
Trait Learned!,특성 학습!
MaxHp up!,최대 체력 상승!
Faction,진영
Rank up!,랭크 상승!
Loyalty up!,충성심 상승!
Got Proof,가치의 증명
of Merit!,획득!
NO,항복
SURRENDER,거부
Exchange,교환
Unlocked!,잠금 해제!
"All squads on all teams within 3 tiles,",3 타일 내의 모든 팀의 모든 부대가
take 15% more damage,15% 더 피해를 입습니다
UPGRADES TO:,승급시:
Starring...,출연...
Original Soundtrack by:,오리지널 사운드트랙:
Voices by:,음성:
Additional Art by:,추가 아트:
Additional Contributions,추가 기여
Special Thanks,특별 감사
I mean this from the bottom of my heart.,마음 속 깊은 진심을 전합니다.
Thank you for playing.,플레이해 주셔서 감사합니다.
"If you are reading this, you have impacted our",이 메시지를 읽고 있는 여러분은
lives in a very special way. I hope you'll,저희 삶에 아주 특별한 영향을 주셨습니다.
continue with our journey to bring our,여러분 모두가 저희의 꿈을 이루는 여정에
dreams to life.,동참해 주셨습니다.
In loving memory,사랑하는 이를 기억하며
Moves 6 tiles base,6 타일 이동 기본
"Archetypes: Heavy Infantry, Archery, Firearms","원형: 중보병, 궁수, 화기"
Moves 5 tiles base,5 타일 이동 기본
"Archetypes: Support, Magicians","원형: 지원, 마법"
Movement Bonus Indoors,실내 이동 보너스
Unimpeded by rough terrain,거친 지형 방해효과 무시
Archetypes: Light Infantry,원형: 경보병
Moves 7 tiles base,7 타일 이동 기본
Movement Bonus in Open Terrain,열린 지형에서 이동 보너스
Can Initiate Charge Attacks/Ambush,돌격 공격/매복 개시 가능
Archetypes: Light Cavalry,원형: 경기병
Can Initiate Charge Attacks,돌격 공격 개시 가능
Archetypes: Heavy Cavalry,원형: 중기병
Unimpeded by all terrain,모든 지형 방해효과 무시
Immune to Hazard Damage,위험 요소 피해에 면역
Archetypes: Dragon Riders,원형: 용기수
OBJECTIVE CAPTURED!,목표물 점령!
Player Phase,플레이어 차례
Enemy Phase,적 차례
Ally Phase,동맹 차례
Empire of Veridia,베리디아 제국
Donari Temple,도나리교 교단
Followers of Zanatus,자나투스의 추종자들
Diana's Rebellion,다이애나의 반란군
Nephilim Army,네필림 군대
Duchy of Isanter,이산테르 공작령
Lysander,라이샌더
Antares Rebellion,안타레스 반란군
Tidereaver Pirates,타이드리버 해적
Duchy of Rimorgue,리모르그 공작령
Empire of Archaelus,아르켈루스 제국
Kingdom of Sayunaa,사유나 왕국
"Basic Light Infantry. Can Ambush, and gets a significant SKL bonus while fighting in Rough terrain.","기본 경보병. 매복할 수 있고, 거친 지형에서 전투할 때 상당한 재주 보너스를 얻습니다."
Acolyte,견습 성기사
Challenge this arena?,이 투기장에 도전하시겠습니까?
"bonus from Walls, Forts, and Bases","성벽, 요새 및 기지로부터의 보너스"
Dark Knight,암흑 기사
General,장군
Azure King,창공빛 왕
Lord,영주
Archmage,대마법사
Mirage,신기루
Lead Design,리드 디자인
Lead Engineer,리드 엔지니어
Lead Artists,리드 아티스트
Antares arrives at Armitage,안타레스가 아미티지에 도착
Antares is defeated in battle,안타레스가 전투에서 패배
Survive for 20 turns,20턴 동안 생존
OR Seize Ezrum,또는 에즈룸을 점령
Antares is defeated in battle OR,안타레스가 전투에서 패배 혹은
Fort Eureeka is seized by the enemy OR,적이 유리카 요새 점령 혹은
Stormrook is seized by the enemy,적이 스톰룩 점령
Raskuja reaches the Treasure Vault,라스쿠자가 보물 금고에 도착
Raskuja is defeated in battle,라스쿠자가 전투에서 패배
Defeat all enemies,적 모두 격파
Jaromir is defeated in battle,야로미어가 전투에서 패배
Destroy all invading undead,침공해오는 모든 언데드 격파
Jaromir is defeated in battle OR,야로미어가 전투에서 패배 혹은
Enemy seizes Embor Palace,적이 엠보어 궁전 점령
Beatrix reaches the Helios Master Archive,베아트릭스가 헬리오스 최고 보관소에 도달
Beatrix is defeated in battle,베아트릭스가 전투에서 패배
Razehl escapes prison,라젤이 감옥에서 탈출
Razehl is defeated in battle,라젤이 전투에서 패배
Rescue all 3 Dragon Eggs,용알 3개 모두 구출
\\N[8] is defeated in battle OR,\\N[8] 전투에서 패배 혹은
Enemy seizes Fort Sairaa,적이 사이라 요새 점령
Increases lowest stat growth rate by %50,가장 낮은 능력치 성장률을 50%만큼 증가
Maverick,매버릭
Wide Guard,광역 보호
Cover and Block extend an extra half tile in each direction,유닛의 가로막음과 보호 영역을 각 방향으로 반 타일만큼 확장합니다
Pacifist,평화주의자
Unit both takes and deals -25% damage,유닛이 가하거나 받는 피해 -25%
Barricade,바리케이드
Other Units in same row have increased defense power,같은 세로줄에 있는 다른 유닛들의 방어력이 오릅니다
Rally,집결
Other Units in same row have increased attack power,같은 세로줄에 있는 다른 유닛들의 공격력이 오릅니다
Liberator,해방자
Gain an extra turn after Seize Objective,목표물 점령 후 추가 턴을 얻습니다
Benevolent,자애로움
+%50 LDR growth from Surrenders,적 항복시 통솔력 성장률 +50%
Switches to classic style portraits.,구 초상화로 변경합니다.
Uses a bitmap font for better readability on high res screens.,고해상도 화면에서 보다 나은 가시성을 위해 비트맵 글꼴을 사용합니다. 
Arbalest,기계석궁병
Archery class that fires 3x slightly weaker bolts and resists enemy ranged attacks.,"조금 약한 볼트를 3회 발사하며, 적 원거리 공격에 대한 방어력이 높은 궁수 병과."
War Cat,워캣
Light Infantry Large Beast that attacks in a wide arc. Increased Critical chance during Night.,넓은 호를 그리는 공격을 하는 경보병 분류의 거대 괴수. 밤에는 치명타 확률이 증가합니다.
Behemoth,베헤모스
Upgrade to War Cat that gains the ability to bypass blocking when attacking from high ground to lower ground.,"워캣에서 승급된 유닛. 고지대에서 저지대로 공격시, 적 유닛의 보호를 우회하여 공격할 수 있습니다."
Necromancer,사령술사
Magician that steals life to heal themselves and allies. Summons Risen. Greatly increases Unlife Essence accumulation.,적의 생명력을 빼앗아 자신과 아군을 치유하는 마법사. '부활한 자'를 소환할 수 있음. 언데드 정수 축적을 큰 폭으로 향상합니다.
Oracle,오라클
Support class that casts a shield on all allies at the start of battle.,전투 시작시 모든 아군 유닛에게 방어막 주문을 걸어주는 지원가 병과.
Field Cannon,야포
Firearms. Can only attack on offense. Attacks from up to 3 tiles away. Cavalry movement type.,화기 유닛. 공격 시에만 교전할 수 있습니다. 최대 3타일 바깥에서 공격 가능. 기병 이동 유형.
Dark Mage,암흑법사
Magician class that attacks in a large area. Has a chance to supress healing to targeted enemies.,넓은 지역을 공격하는 마법사. 목표 대상이 된 적들의 체력 회복을 억제할 수 있는 확률이 있습니다.
Queen of Dragons,용들의 여왕
"Fusion of Abigayle and Azuros. Flying unit. Can heal allies, and use a powerful breath attack.","아비게일과 아주로스의 합체 유닛. 비행 유닛. 아군을 치유하고, 강력한 용의 숨결 공격을 사용."
Switches to classic style portraits.,구 초상화로 변경합니다.
Uses a bitmap font for better readability on high res screens.,고해상도 화면에서 보다 나은 가시성을 위해 비트맵 글꼴을 사용합니다.
Attacks ignore 20% of Armor,공격이 대상의 방어구 20%를 무시합니다.
Complete Main Story Chapter 4 to unlock!,본편 4장을 완료하여 잠금 해제하세요!
Complete Main Story Chapter 11 and Legends Chapter 1A to unlock!,본편 11장과 전설들 1A장을 완료하여 잠금 해제하세요!
Complete Main Story Chapter 8 to unlock!,본편 8장을 완료하여 잠금 해제하세요!
Complete Main Story Chapter 9 to unlock!,본편 9장을 완료하여 잠금 해제하세요!
Complete Main Story Chapter 18 and Legends Chapter 3A to unlock!,본편 18장과 전설들 3A장을 완료하여 잠금 해제하세요!
Complete Main Story Chapter 11 to unlock!,본편 11장을 완료하여 잠금 해제하세요!
Complete Main Story Chapter 6 to unlock!,본편 6장을 완료하여 잠금 해제하세요!
Complete Main Story Chapter 23 and Gaiden 20-B to unlock!,본편 23장과 외전 20-B장을 완료하여 잠금 해제하세요!
Strider,성큼걸이
Infiltrator,잠입자
Scion of Donar,도나르의 후예
Cleric,사도
Savior,구원자
Avatar of Donar,도나르의 화신
Hero's Heavy Infantry class.,영웅의 중보병 병과입니다.
Hero's Light Stealth class.,영웅의 은신 병과입니다.
Hero's Healer class.,영웅의 치유사 병과입니다.
Turns Taken,소모한 턴
Kills,처치 수
Surrenders,총 항복한 적 수
Defeats,패배 수
Warfarer's Boots,전쟁낭인의 부츠
Shuffle becomes a free action,위치 변경이 턴을 소모하지 않음
Duelist's Contract,결투사의 계약서
All units on both teams get +1 attack at 1 range,"양측 모든 유닛에게 1타일 거리에서 공격시, +1 공격 부여"
Do-It-Yourself Bandage,자가조치 붕대
Map heals are a free action,지도 회복이 턴을 소모하지 않음
Emperor's Missive,황제의 칙서
Tier 1 Units take 50% damage,티어 1 유닛들이 받는 피해 50% 감소
Donari Charm,도나리교 부적
2 additional Map Heal charges,지도 회복 충전 횟수 2회 추가
Commoner's Goblet,서민의 술잔
Non-story squad leaders only,"주,조연 등장인물이 아닌 분대장만 사용 가능"
Can only be equipped on Squads not led by story characters,"분대장이 주,조연 등장인물이 아닌 분대에만 착용 가능합니다."
Tailored Great Helm,수제 맞춤형 그레이트 헬름
2 additional Armor per unit archetype in Squad,분대에 있는 각 유닛 원형마다 +2 방어구 추가
Thorny Charm,가시투성이 부적
Every Unit in Squad will resist 1 status effect per combat,분대의 모든 유닛은 전투당 1회 상태이상 저항을 하게 됨
Raid Captain,경보병 부대장
-2 Capacity cost for Light Melee classes,경보병 병과의 보급 비용 -2
"Magician class that attacks in a large area. Lowers effectiveness of heals, Mage and Dragon attacks.","넓은 영역을 공격하는 마법 병과. 치유, 마법 공격 그리고 용의 숨결 공격 효과를 떨어트립니다."
Bow Specialist,활 전문가
Increased damage to support/mages at range,지원/마법사 병과를 원거리에서 공격시 피해 상승
Armor Specialist,방어구 전문가
Reduces all incoming damage to the squad while on defense,방어시 분대에 가해지는 모든 피해를 감소시킴
Spear Specialist,창 전문가
Enitre squad takes less damage and deals more damage to cavalry units,분대 전체가 피해를 적게 받고 기병 유닛에 피해를 더 많이 가함
Anti-Magic Specialist,대마법 전문가
Healer Specialist,치유자 전문가
Squad recovers some HP at the beginning of player phase.,플레이어 턴 시작에 분대가 약간의 HP 회복
Assassin Specialist,암살자 전문가
Squad gains increased Critical Hit chance while on offense,공격시 분대의 치명타 확률 증가
Bombardment Specialist,포격 전문가
Squad's long range attacks are much less random,분대의 장거리 공격시 탄착지점의 무작위성이 크게 줄어듬
Raid Specialist,경보병 전문가
Entire squad gains a large boost to SKL while attacking from rough terrain,거친 지형에서 공격시 분대 전체의 재주 능력치가 큰 폭으로 증가함
Rush Specialist,기동전 전문가
Entire squad gains a bonus to SKL based on how far they moved this turn,이번 턴에 움직인 거리에 비례하여 분대 전체의 재주 능력치에 보너스가 적용됨
Charge Specialist,돌격 전문가
Entire squad gains a damage bonus if the squad is charging,분대가 돌격중이라면 분대 전체에 공격 피해 보너스
Save Clear Data?,클리어 데이터를 저장하시겠습니까?
Reduces Magic damage taken,마법 피해를 적게 받습니다.
Heavy Polearm Risen minion.,장창병형 부활한 자 
Heavy Infantry Risen minion.,중보병형 부활한 자
Skirmisher style Risen minion.,경보병형 부활한 자
Archery Risen minion.,궁수형 부활한 자
Champion style Risen minion.,챔피언형 부활한 자
"Abigayle's ultimate form. Flying unit. Can heal allies, and use a powerful breath attack.","아비게일의 궁극적 형태. 비행 유닛. 아군을 치료하며, 강력한 용의 숨결 공격을 사용합니다."
Allows and increases acquisition of Unlife,"언데드 정수의 축적을 가능하게 하고, 축적량이 늘어납니다."
Jaromir - Ragavi: Donar's Mercy,야로미어 - 라가비: 도나르의 자비
Jaromir - Ragavi: Death before regret,야로미어 - 라가비: 후회하기 전에 죽음을
Abigayle - Diana: Lost to time,아비게일 - 다이애나: 흐름에 뒤쳐진
"25 years in the past, the War of Veridian Succession is at its climax. Captain Antares takes point in a critical moment.","25년 전, 베리디아 황위 계승 전쟁이 최고조에 달했습니다. 안타레스 대위는 이 중대한 시기에 두각을 드러냅니다."
"Florina's claim has been announced, causing a backlash. Captain Antares will again be called upon to bring peace and order to Veridia.","플로리나의 권리 주장이 공표되었고, 후폭풍을 불러일으킵니다. 안타레스 대위는 다시 한 번, 베리디아에 평화와 질서를 가져오기 위해 부름받습니다."
Explore Raskuja's mercenary origins as part of a squad of ship-raiders.,"배 약탈자들로 한 때 활동했었던, 라스쿠자의 용병 시절을 탐험합니다."
The eastern extremes of Embor define the outer edge of the Empire of Veridia. Duke Jaromir finds himself in a position to be Veridia's Bulwark against a terrifying new foe.,"엠보어 동부 끝자락은 베리디아 제국의 최외각 경계를 정의합니다. 야로미어 공작은 무시무시한 새로운 적을 맞아, 베리디아의 장벽이 되어 버텨내야 합니다."
Duke Jaromir returns home to find that his battle with the undead menace is far from over.,"본성으로 복귀하던 야로미어 공작은, 언데드 위협과의 전투가 아직 끝나지 않았음을 깨닫게 됩니다."
"Explore the origins of the powerful mage, Beatrix, as she infiltrates a secret facility operated by the Cult of Zanatus.","베아트릭스는 자나투스 광신도들이 운영하던 비밀 시설에 잠입해, 강력한 마법사인 그녀 자신의 기원을 살펴봅니다."
One does not simply become a master assassin for no reason. A Sayunaari prison complex holds the secrets to one man's destiny.,그 누구도 이유없이 암살단의 대장이 되지는 않습니다. 사유나의 감옥 시설은 한 남자의 운명에 대한 비밀을 간직하고 있습니다.
Azuros has warned of a dire situation in the deserts of Sayunaa. The Nephilim Army hears the call to find a powerful Imperial army waiting.,"아주로스가 사유나 사막의 한복판에서 벌어지는 심각한 위기에 대해 경고합니다. 네필림 군대는 이에 응하고, 그곳에 먼저 와있던 강력한 제국군과 맞서게 됩니다."
Damage bonus against Heavy Units.,중갑 유닛에 공격 피해 보너스
Anti-Armor Specialist,대 장갑 전문가
