"Imperial Army Camp, Year 997",帝国軍宿営地、997年
Chapter 1: Rebellion,第1章:反乱
Engage with the forces of the Antares Rebellion and seize Eastwall Fortress for the Imperial Army.,アンタレスの反乱軍と戦い、帝国軍の一員としてイーストウォール砦を占領しよう。
"Eastwall Fortress, Year 997",イーストウォール砦、997年
Chapter 2: For Whose Sake?,第2章:誰がために
Antares has fled with Empress Florina to the deep forest. Pursue his army and approach the main rebel hideout at Centurion's Rest.,アンタレスは、フロリーナ女帝と共に森の奥へ逃亡した。彼の軍隊を追跡し、センチュリオンズレストにある反乱軍の拠点に接近しよう。
"Centurion's Rest, Year 997",センチュリオンズレスト、997年
Chapter 3: Crimson Star,第3章:赤い星
Antares is trapped in Centurion's Rest. Fight alongside the Imperial Army to besiege Centurion's Rest and destroy the rebellion.,アンタレスはセンチュリオンズレストに立て籠もった。センチュリオンズレストを包囲し、反乱を鎮圧するために帝国軍と共に戦おう。
"Secret Prison near Granheim, Year 997",グランハイム近郊の秘密牢獄、997年
Chapter 4: Paradigm Shift,第4章:パラダイム・シフト
"Stefan, master spy of the Donari Temple, must pull off a daring rescue from the clutches of the Followers of Zanatus.",ドナー神殿のスパイであるステファンは、ザナトゥス教団を出し抜くために、大胆な救出作戦を実行する。
"Granheim Abbey, Year 997",グランハイム修道院、997年
Chapter 5: Divine Hammer of the Donari,第5章:ドナー神の鉄槌
Chapter 5: Divine Hammer,第5章:神の鉄槌
"Time to begin the journey to Lemelin Monastery. We will have to fight our way back, every step of the way.",レメリン修道院へ向かう時が来た。その途上では、様々な敵と戦わなければならない。
"Fort Naxos, Year 997",ナクソス砦、997年
Chapter 6: Journey to Lemelin,第6章:レメリンへの旅路
The Tidereaver Pirates have been unleashed upon us. We must hold Fort Naxos against their attack at all costs.,タイドリーバーのならず者たちが襲いかかってきた。なんとしてもナクソス砦を守り抜こう。
"Port Jenos, Year 997",ジェノス港、997年
Chapter 7: Tidereaver,第7章:タイドリーバー
A massive storm has forced the Tidereaver fleet to chain together and wait. We will capitalize on their weakness.,大嵐により、タイドリーバーの船団は海上に留まることを余儀なくされている。ならば、この機を利用しない手はないだろう。
"Encampment at Greyden Swamp, Year 997",グレイデン湿地の野営地、997年
Chapter 8: Marooned,第8章:孤島の戦い
"The storm damaged our own ships, forcing us off course. But now, we have the opportunity to annihilate the Tidereaver presence completely.",嵐は一行の船に損害を与え、進路変更を余儀なくされた。しかし怪我の功名か、タイドリーバーを壊滅させる絶好のチャンスが巡ってきたのだった。
"Lemelin Monastery, Year 997",レメリン修道院、997年
Chapter 9: Sanctuary,第9章:聖域
We've reached Lemelin at last. But our enemies are eager to strike at any moment...,ついにレメリンに到着した。しかし、敵はどうやらこちらへの襲撃を渇望しているようだ...
Chapter 10: To War,第10章:戦火の中へ
"The Veridian Civil War has begun. We find ourselves aligned with the Western forces, in direct opposition to the Prime Minister. We set out now to save Isanter's capital city, and liberate Trucea.",ベリディア内乱開戦の火ぶたが落とされた。西側陣営と同盟を結んだことにより、これからカサミール首相と全面対決することになる。さあ、イサンテルの都を救い、トルセアを解放するために行軍を開始しよう。
"Trucea, Year 997",トルセア、997年
Chapter 11: Deadly Gambit,第11章:危険な策略
"The Eastern forces are off balance. Time to take the fight to their turf. Their main base of operations lies ahead, at Fort Eureeka.",東側陣営にほころびが出ている。今こそ敵の縄張りに乗り込み、戦いを挑もう。敵陣営の主要な作戦基地は前線のエウレカ砦にある。
"Fort Eureeka, Year 997",エウレカ砦、997年
Chapter 12: Upheaval,第12章:混沌
"We've taken Fort Eureeka, but the Eastern forces remain steadfast. Man the defenses at Fort Eureeka and prepare for the battle of our lives.",エウレカ砦を制圧したが、東側陣営の戦力は依然として堅固だ。エウレカ砦の防御を固め、命がけの戦いに備えよう。
"Rimorgue River Valley, Year 997",リモーグ渓谷、997年
Chapter 13: Conquest,第13章:制圧
Casamir has no business leading armies. Let us show him how it is done. Conquer Rimorgue and crush the resistance at Stormrook.,カサミールは戦争のなんたるかをわかっていない。本物のやり方を見せつけるためにリモーグを征服し、ストームルークの抵抗勢力を粉砕しよう。
"Westerfield Keep, Year 999",ウェスターフィールド砦、999年
"Chapter 14: Paladin, Undaunted",第14章:不屈のパラディン
"Diana's Rebellion has stormed Westerfield Keep, a child detention facility. Wipe out the defenders and free the prisoners.",ダイアナの一行は、子供たちの収容施設であるウェスターフィールド砦を襲撃した。敵を一掃し、囚われた子供たちを解放しよう。
"Outside Westerfield, year 999",ウェスターフィールド、999年
Chapter 15: Westerfield Escape,第15章:救出作戦
"We've freed the children, but overwhelming reinforcements have arrived. We must cross the river and arrive safely at Centurion's Rest before we are overtaken.",子供たちは解放したが、じきに敵の増援が来るだろう。追いつかれる前に川を渡り、センチュリオンズレストに到着しなければ、子供たちを守り抜くことはできない。
"Centurion's Rest, Year 999",センチュリオンズレスト、999年
Chapter 16: Desperation,第16章:絶望
"We cannot ignore the Nephilim Prophecy any longer. Break into the Imperial Palace via its rear sally port, clearing the way to Mount Ptolomea.",もはやネフィリムの予言を無視することはできない。後方にある出撃路から宮殿に侵入し、プトロメア山への道を突き進もう。
"Rebel Front Base, Year 999",反乱軍の前線基地、999年
Chapter 17: Coaxing the Divine,第17章:神の説得
"The enemy has taken great measures to prevent access to the path to Mount Ptolomea. We must shatter their magical barrier, allowing Diana free passage to her destiny.",敵はプトロメア山への道に向かうことを阻止するために、多大な手段を講じている。用意された魔法の壁を打ち破り、ダイアナの願いを成就させよう。
Chapter 18: Emborian Dawn,第18章:エンボーの夜明け
"The Avatar of Donar has returned to Tahnra, signaling the true beginning of the Nephilim Army. Our first objective is to liberate the far north lands of Embor.",ドナーの化身がターンラに戻り、新生ネフィリム軍が誕生した。その最初の目標は、北の大地エンボーを解放することだ。
"Embor, Year 999",エンボー、999年
Chapter 19: Return to Eastwall,第19章:イーストウォールへの帰還
"Lysander has managed to establish a stronghold in Eastwall Fortress, but faces overwhelming odds. We must reinforce his army and reunite with our companions.",ライサンダーはイーストウォール砦に拠点を築くことに成功したが、未だ圧倒的に不利な状況にある。彼の軍を援護し、再会を果たそう。
Chapter 20: Wild Card,第20章:不確定要素
The Historium Magnus has been stolen! We know the thief has fled to the active volcano at Mount Karnac.,ヒストリウム・マグヌスが盗まれた！今わかっているのは、犯人はカルナック火山に逃亡したということだ。
"Nephilim Base near Sandraka, Year 999",サンドラカ近郊のネフィリム軍基地、999年
Chapter 21: Liberating Sandraka,第21章:サンドラカ解放
"We have established a strongpoint on the Sandraka continent. If we can seize the large city of Crestmoor, we will strike a critical blow to Casamir's grip on the South.",自陣営は、サンドラカ大陸に拠点を確立した。クレストムーア市を制圧できれば、カサミールの南部支配に大打撃を与えられるはずだ。
"Greywind Peak, Year 999",グレイウィンド山、999年
Chapter 22: Greywind Peak,第22章:グレイウィンド山
"Greywind Peak stands before us, and within it, Diana's destiny as a fully-realized Nephilim warrior.",グレイウィンド山が一行の前に立ちはだかる。そこには、完全なるネフィリム戦士としてダイアナの運命を導くものが眠っているという。
"Nephilim Army Sayunaa Front Base, Year 999",ネフィリム軍サユナー前線基地、999年
Chapter 23: Unwise Alliance,第23章:破滅の同盟
"The Kingdom of Sayunaa has subjugated itself to Casamir to avoid war, and has disposed of their own monarchs. We must try to rein in the Sayunaari, by any means necessary.",サユナー王国は戦争を避けるためにカサミールに服従し、自国の王朝を廃した。今のサユナーの動きは、なんとしても阻止しなければならない。
"Ezrum, Year 999",エズラム、999年
Chapter 24: Scorched Sands,第24章:灼熱の砂
"The Sayunaari have thrown in completely for Casamir, and against us. We must try to salvage the situation. By reducing their warmaking ability, we may demoralize them enough to call for peace.",サユナーは完全にカサミールを支持し、一行に牙をむいた。この状況をなんとかして変えなければならない。敵の戦争能力を低下させれば、その士気をくじき、和平を求めることができるかもしれない。
"Fort Dakur, Year 999",ダクール砦、999年
Chapter 25: Kingdom of Gold,第25章:黄金の国
"The golden city of Sayunaa's capital lies before us. Regent Lord Cyrus stands defiant, throwing many unwilling Sayunaari into battle. May Donar bring this war to an end soon.",一行は黄金の国サユナーの都に到着した。宰相のサイラスは抵抗し、多くの望まぬサユナー兵を戦闘に投入してきた。ドナーの名の下に、この戦争を速やかに終結させよう。
"Nephilim Army Front Base outside Stormrook, Year 999",ストームルーク外部のネフィリム軍前線基地、999年
Chapter 26: Stormrook Looms,第26章:ストームルーク
"With Sayunaa and its resources on our side, our army has grown powerful. We now face a massive clash in the Rimorgue River Valley. If we can conquer Stormrook and Rimorgue, Casamir is doomed.",サユナーが味方になり、その資源を得たことで、自軍の兵力は大幅に強化された。今、リモーグ渓谷で世界最大の会戦が行われようとしている。ここでストームルークとリモーグを制圧すれば、カサミールの命運は途絶えるだろう。
"Nephilim Army Front Base at Armitage, Year 999",アーミテージのネフィリム軍前線基地、999年
Chapter 27: Return to the Origin,第27章:因縁の地へ
"Casamir refuses to surrender despite obvious defeat. As we move to conquer Armitage, we must consider the lives of the Imperial soldiers whose morale is broken and are desperate for peace.",敗北は明らかであるにもかかわらず、カサミールは降伏を拒否している。これよりアーミテージ制圧に向けて動き出すが、士気を失い、平和を切望している帝国兵の助命を考慮すべきだろう。
"Armitage Base, Year 999",アーミテージ基地、999年
Chapter 28: Downfall,第28章:奈落の底へ
"The enemy has holed himself up in the Imperial Palace. The Followers of Zanatus have mobilized their most deadly forces. Have no mercy for the cultists, or Casamir.",カサミールは宮殿で最後の抵抗に出た。ザナトゥス教団は最強の部隊を動員し、彼を援護している。さあ、時は来た。カルト教団とカサミールを一挙に粉砕しよう。
"Imperial Palace, Year 999",帝国の宮殿、999年
Chapter 29: Zenith of the World,第29章:世界の頂
"The Avatar of Donar is but a few steps from full realization, and the remnants of the Followers of Zanatus are the last barrier in our way. We soon face the cult Grandmaster...",完全なる勝利から、あと1歩のところまで来た。残された障壁は、ザナトゥス教団の残党のみだ。一行はじきに、カルトの最高指導者と対決することになるだろう...
"Gateway at Mount Ptolomea, Year 999",プトロメア山の異世界のゲート、999年
Chapter 30: Armageddon,第30章:アルマゲドン
All of the seals between the Divine Realm and the Mortal Realm are now broken. Armageddon has again come to Tahnra. Destroying Zanatus is the only way to avoid total annihilation.,神と人の世界をつなぐ門の封印が解かれた。アルマゲドンが再びターンラの地に訪れる。ザナトゥスを倒すことが、大惨事を回避する唯一の方法だ。
Gaiden Chapter A: Unrelenting Ambition,外伝A章:蛮勇
"Sybil's recklessness has thrown us into a melee with the Imperial forces at the Felnamia provice. We must both save Sybil, and seize Felnamia.",シビルの無謀な行動により、フェルナミア地方で帝国軍との乱闘に巻き込まれた。シビルを救い、フェルナミアを占領しよう。
Gaiden Chapter B: Dragon's Haven,外伝B章:竜の隠れ里
"The enemy has sought to monopolize war Dragons by annihilating broods not within their control. Azuros, an ancient monarch, could be a powerful ally if we can intercept the Imperial attackers in time.",敵は自らの支配下にないドラゴンを絶滅させることで、軍用ドラゴンを独占しようとしている。帝国の襲撃者を時間内に撃破すれば、強大な古の竜王アズロスが味方になってくれるかもしれない。
Gaiden Chapter C: No Mercy for the Merciful,外伝C章:慈悲深き者への無慈悲
We have located one of the largest child detention complexes in the world. This evil cannot be allowed to continue. Wipe out the enemy completely.,過去最大級の子供の収容施設を発見した。このような悪行を許してはならない。そこに潜む敵を一掃しよう。
Gaiden Chapter D: Clockwork City,外伝D章:産業都市
Casamir has always had an abundance of firearms and cannons at his disposal. It's time to break into their Pyrocite stores in Sandraka City and take this advantage for ourselves.,カサミールは豊富な銃と大砲の供給を得ている。サンドラカ市にある帝国のパイロサイトの貯蔵庫に侵入し、逆にそれを利用してやろう。
Gaiden Chapter E: Ishtar's Lament,外伝E章:イシュタルの嘆き
"I can't shake this feeling, it is familiar, but unsettling...",この感覚は良く知っているものではあるが、どこか危険な臭いがする...
Bronze Arena,ブロンズ闘技場
Silver Arena,シルバー闘技場
Gold Arena,ゴールド闘技場
Platinum Arena,プラチナ闘技場
Endurance Trial,勝ち抜き戦
Legends 1A: Promise of Peace,伝説1A平和の約束
Florina Iblis's claim to the Imperial throne brings hopes for the end to the Succession War. But surely the claim will be contested...,フロリーナ・イブリスが帝位継承の正統性を主張したことで、継承戦争終結への希望がもたらされた。ただし、その主張は武力で試されることだろう...
Legends 1B: Defend the Claim,伝説1B:大防衛戦
The pretenders to the throne have launched a final desperate bid to stop Florina's coronation. Defend Imperial territory from invasion!,王位を狙う者たちは、フロリーナの即位を阻止するために、最後の賭けに打って出た。帝国を侵略者の手から守ろう！
Legends 2: Barek Tor,伝説2:バレクトール
,
Legends 3A: Whispers from Grothnor,伝説3A:グロスノーの囁き
Fort Rittenbach has claimed another scout party... missing without explanation. Duke Jaromir mobilizes his army to personally investigate.,リッテンバッハ砦より、変事ありとの一報が入る。ジャロミール公爵は、自ら軍を率いて調査に乗り出すのだった。
Legends 3B: Life and Unlife,伝説3B:生者と不死者
"Grothnor's undead hordes have reached as far as Embor, and the other nobles refuse to help. Defend Embor at all costs!",グロスノーのアンデッド大軍がエンボーを取り囲み、他の貴族の援護も得られない。絶体絶命のエンボー軍を、何とかして勝利に導こう！
Legends 4: Pendergast's Folly,伝説4:ペンダーガストの罪業
Legends 5: Shadowchaser,伝説5:影追う者
Legends 6: Queen of Dragons,伝説6:竜の女王
"Azuros has left suddenly. Scouts report a rival brood, controlled by the Archaelus Empire, has threatened Azuros's hidden brood hive.",アズロスが突如として一行の元を去った。どうやらアルケロス帝国が、竜族の巣を脅かしているらしい。
Grassland,草原
Ramp,階段
Cliffs,崖
Hazard,ダメージ床
Lava Cave,溶岩洞窟
High Ground,高地
Ladder,はしご
Road,道路
Bridge,橋
Dungeon,地下牢
Shadows,影
Ambush Trench,奇襲塹壕
Industrial,工場
Tower,塔
Throne,玉座
Divine Realm,神界
Hills,山
Plains,平原
Wheat Field,麦畑
Town,町
Wall,壁
Desert,砂漠
Snow,雪原
Woods,林
Forest,森
Water,水
Swamp,沼
Ship,船
Sky,空
Mountains,山地
Mine,鉱山
Stables,馬小屋
Fort,砦
Base,基地
Temple,神殿
Village,村
Bazaar,バザール
Slow,低速
Light,軽量
Infantry,歩兵
Cavalry,騎兵
Flying,飛行
Clear,晴れ
Cloudy,曇り
Overcast,黒雲
Rainy,雨
Storm,嵐
Snowy,雪
Blizzard,吹雪
Indoors,屋内
Stormy,荒天
Heat Wave,熱波
"Ah, there you are, child of destiny. You've arrived\NEWLINE  at a very opportune time, you will find.",ああ来たか、運命の子よ。\NEWLINE実に良い時に来てくれたものだ。
"Let me look into your heart. Who are you? Will your\NEWLINE  journey be marked by virtue, or will this land's people\NEWLINE  remember you as an adversary?",それでは、いくつかの問いから、そなたの心の中を覗いてみよう...\NEWLINEそれにより、未来に英雄として名を刻むか、\NEWLINE恐るべき覇王になるかもわかるだろう。
"Thank you. What an intriguing soul! Go, and I will\NEWLINE  see you here again when the time is right.",うむ、これで冒険の準備は整った。\NEWLINEでは行くがよい、時が来たらまた会おう！
"Go forth, and leave your mark on this world!",さあ、この世界に己の爪痕を残すのだ！
Which form suits you?,そなたが宿る肉体を選ぶがよい。
Please tell me your name.,そなたの名を言うがよい。
So you have chosen...,では、以下の名でよろしいか...？
Yes,はい
No,いいえ
"When on death's door, what will you consider a life well-lived?",死の間際に人生を振り返ったとする。次のうちのどれが理想か？
I did it all my way,欲望のままに突き進んだ人生
I fulfilled who I was meant to be,己の使命を果たした人生
Many will mourn my passing,多くの人に愛された人生
"A desperate beggar corners you, demanding money.\NEWLINEWhat do you do?",悲しげな物乞いが金銭を要求してきた。\NEWLINEそなたならどうする？
Intimidate him into backing down.,怒鳴って追い払う
Talk your way out of the situation.,その境遇から脱出する術を説く
Offer him a warm meal at the local pub.,近くの食堂で食事をふるまう
What is the most important trait a leader should have?,リーダーとして最も重要な資質は何であろう？
The ability to bring people together,部下を取りまとめる頭脳
An unshakeable love for the people,部下への惜しみなき愛情
The power to command respect and fear,部下に恐怖を抱かせる威厳
What most leads to the downfall of great civilizations?,偉大な文明の崩壊に最もつながりやすいものは？
Faithlessness,道徳的堕落
Poverty,貧困
Intolerance,不寛容
"You were blessed with a child. \NEWLINEIf you could choose their fate, what would it be?",自分に子供が産まれた。\NEWLINEその子の道を選べるとしたら、次のうちどれにする？
A famous musician,人気ミュージシャン
A great general,偉大な将軍
A devout follower of the faith,敬虔な信者
What do you look for most in a mate?,配偶者に一番求めるものは？
Beauty,美しい容姿
Wealth and Prestige,富と社会的地位
Intellect,知性
"As a potential ruler in difficult times, \NEWLINEwhat are your most effective tools?",困難な時代の統治者となる時、\NEWLINE最も効果的な政治的道具は？
Your kind heart,弱者への支援
Your inspiring charisma,指導者のカリスマ性
Fear,厳罰の恐怖
Which personal flaw do you want to avoid most?,次のうち、最も好ましくない人間的弱点は？
Deceptive and exploitative,狡猾な嘘つき
Easily manipulated,信じやすく騙されやすい
Lack of Willpower,意志薄弱な根性なし
You must give up your most valuable possession. \NEWLINEWhat is it?,大切な物を手放さなければならないとする。\NEWLINEそれは次のうちどれであろう？
Your vast wealth,莫大な富
Your battle prowess,強大な力
Your faith,神への信仰
"Allows us to access the Bronze Arena from Home Base, then the Token is consumed. The Bronze Arena takes place in a Temperate climate, offers a low challenge, and modest rewards.",本拠地からブロンズ闘技場に行くことができる。トークンを1枚消費する。ブロンズ闘技場の戦いは温暖な気候で開催され、難易度が低く、報酬も控えめ。
"Allows us to access the Silver Arena from Home Base, then the Token is consumed. The Silver Arena takes place in a Tundra climate, offers a medium challenge, and good rewards.",本拠地からシルバー闘技場に行くことができる。トークンを1枚消費する。シルバー闘技場の戦いはツンドラで開催され、難易度は普通、報酬はそこそこ。
"Allows us to access the Gold Arena from Home Base, then the Token is consumed. The Gold Arena takes place in a Desert climate, offers a high challenge, and excellent rewards.",本拠地からゴールド闘技場に行くことができる。トークンを1枚消費する。ゴールド闘技場の戦いは砂漠で開催され、難易度は高め、報酬は多め。
"Allows us to access the Platinum Arena from Home Base, then the Token is consumed. The Platinum Arena takes place in a Temperate climate, offers the greatest challenge, and incredible rewards.",本拠地からプラチナ闘技場に行くことができる。トークンを1枚消費する。プラチナ闘技場の戦いは通常の気候で開催され、難易度は最高、報酬も最高。
"To embrace your destiny, and become who you are, is life's greatest purpose.",運命を受け入れ、ありのままの自分になることは、人生の最大の目的である。
"Used to unlock a huge amount of classes. Required for all Heavy Infantry and Heavy Cavalry, as well as many high-end Light Infantry and Cavalry, Archery, and Firearms units.",すべての重装歩兵と重装騎兵、および多くのハイエンド軽装歩兵、騎兵、弓兵、火器兵ユニットに必要。
"Used to unlock high-end attackers. Required for Champion, Centurion, Knight, Assassin, Warbow, and Swordmaster.",ハイエンドのアタッカーに使用。チャンピオン、センチュリオン、ナイト、アサシン、ウォーボウ、ソードマスターに必要。
"Used for high-end Mage and Support units. Required for Paladin, Valkyrie, Fire Mage, Lightning Mage, Ice Mage, Sorceress, and Templar.",ハイエンドのメイジおよびサポートユニットに使用。パラディン、ヴァルキリー、ファイアメイジ、ライトニングメイジ、アイスメイジ、ソーサレス、テンプラーに必要。
"Used as a baseline resource for all Magicians, as well as Priestess, Templar, and Hospitaller.",すべての魔法使い系、プリーステス、テンプラー、ホスピタラーの基礎資源として使用。
"Used to create Firearms. Required for Gunner, Dragoon, and Siege Cannon.",火器の制作に使用される。ガンナー、ドラグーン、シージキャノンに必要。
Required for all forms of Cavalry.,すべての騎兵に必要。
Gain a small amount of gold per fallen enemy defeated in any combat,すべての戦闘で、倒れた敵を倒すごとに少量のゴールドを獲得する
Defensive bonuses from Terrain are 50% more effective,地形による防御ボーナスの効果が50％向上する
Deal 20% more and take 20% less damage if Covering the Squad Leader,部隊リーダーをカバーしている場合、与ダメージが20％増加し、被ダメージが20％減少する
Unit deals +25% damage for every incapacitated Unit in this Squad,ユニットは、この部隊の戦闘不能ユニット1体ごとに+25％のダメージを与える
"Deal damage to enemy Morale, increases as STR increases",敵の士気にダメージを与える。STRが上がると効果も増大する
This unit is more likely to be targeted by enemies in battle,このユニットは戦闘で敵に狙われやすくなる
Unit is less likely to be targeted by enemies in battle,このユニットは戦闘で敵に狙われにくくなる
Unit takes 25% less damage when under 50% Max HP,最大HPが50％未満の場合、ユニットの被ダメージが25％減少する
Enemies cannot Critical Hit this Unit,敵はこのユニットにクリティカルヒットできない
Critical hits bypass 100% of target armor,クリティカルヒットは、ターゲットの装甲を100％無視する
Critical damage increased by 50%,クリティカルヒットのダメージが50％増加する
Archery units in this Squad cost 2 less capacity,この部隊の弓兵ユニットのコストが2減少する
Heavy Infantry units in this Squad cost 2 less capacity,この部隊の重装歩兵ユニットのコストが2減少する
Heavy Cavalry units in this Squad cost 2 less capacity,この部隊の重装騎兵ユニットのコストが2減少する
"Unit can no longer Critical Hit, but deals +15% damage",このユニットはクリティカルヒットを出せなくなるが、与ダメージ+15％
"Unit has a chance, based on SKL, to prevent its primary target from counter-attacking in the same battle",ユニットはSKLに基づいて、同じ戦闘内におけるメインターゲットの反撃を防ぐことがある。
Bonuses to Hit confer a partial bonus to critical hit chance (max: 15%),ヒットボーナスは、クリティカルヒット率にも部分的ボーナスを与える（最大:15％）
Dealing Critical Hits restore a small amount of HP,クリティカルヒットを与えると、HPが少し回復する
"Any Archery attacks from this unit will ignore the penalty for firing at Walls, or Woods from 2+ Range",このユニットが弓で攻撃する時、射程2以上からの壁または森への射撃ペナルティを無視する
Unit does +50% more damage to Dragons.,ユニットがドラゴンに与えるダメージ+50％
Unit gains resistance to Magician and Dragon attacks as STR increases,STRが増加すると、ユニットは魔法使いおよびドラゴンの攻撃に対する耐性を獲得する
Gain +3 STR at the start of battle for every Unit in the enemy Squad,戦闘開始時、敵部隊のユニット1体につきSTR +3
Unit has a chance for an extra action for every enemy below 25% HP at the end of combat,戦闘終了時にHPが25％未満の敵が多いほど、ユニットは高確率で追加アクションを行う
"When being healed, the effect is increased by 50%",回復時、その効果が50％アップする
+25% damage to already damaged enemies,すでにダメージを受けている敵への与ダメージ+25％
"When an ally is healed, this unit is also healed for 25% of the effect",味方が回復すると、このユニットもその25％を回復する
"At the start of battle, gain a barrier equal to 50% of MAG",戦闘開始時、MAGの50％の値のバリアを獲得する
Gain STR equal to 25% of MAG,STRにMAGの25％の値を加算する
Gain SKL equal to 33% of MAG,SKLにMAGの33％の値を加算する
Gain MaxHP equal to 100% of MAG,最大HPにMAGの100％の値を加算する
Deal +25% damage while on defense,守備側の時、与ダメージ+25％
Unit has a chance to take another action in battle based on lower %HP remaining,このユニットは、残りHPの割合が低くなるほど、戦闘中に高確率で追加アクションを実行する
"Once per Chapter, this unit will survive an enemy turn that would otherwise be fatal",このユニットは各章で1回だけ、戦闘不能に至る攻撃を耐えることができる
"Unit does +50% more damage to Rogues, Assassins, and Magician units",ローグ、アサシン、魔法使いへの与ダメージ+50％
Firearms units in this Squad cost 2 less capacity,この部隊の火器ユニットのコストが2減少する
Restore a small amount of HP when an enemy unit is killed in combat,敵ユニットが戦闘で倒れると、少量のHPを回復する
"When this Squad uses Forced Surrender, Enemy Units are more likely to Surrender",この部隊が強制降伏を使用する時、降伏の成功確率が高くなる
Increased drop chance when destroying or forcing the surrender of enemy Squads,敵の部隊を撃破または降伏させた時のアイテムドロップ率が増加する
"Squad is immune to negative effects of Blizzard weather, and gains bonus evasion in Blizzard and Snow",部隊は吹雪の天候の悪影響を受けず、逆に吹雪や雪原で回避ボーナスを獲得する
Squad is immune to Heat Wave and Desert movement penalty,部隊は熱波や砂漠の移動ペナルティの影響を受けない
Trait Learnable,特性習得可
Use a tome to learn a trait in this slot!,書物を消費し、このスロットに特性を付加する
Polearm Warrior,槍使い
"Increases attack versus Cavalry units by 35%, and grants immunity to Shock",騎兵ユニットに対する攻撃力が35％増加し、ショックに対する耐性を得る
35% bonus damage to firearms troops,火器部隊に対し、与ダメージ+35％
Guardian,ガーディアン
Unit takes -25% damage while on defense,守備側の時、このユニットの被ダメージ-25％
Magic Armor,マジックアーマー
Reduces incoming spell damage by 50% of Armor.,呪文の被ダメージを装甲の50％分減少させる。
Stealth Attack,ステルス攻撃
Attack rear row without penalty on the first round of combat,戦闘の最初のラウンドで、ペナルティなしで後列を攻撃できる
Guerilla,ゲリラ
Bonus hit and evasion when standing in rough terrain and/or on Offense,荒い地形に立っている時および攻撃時、命中と回避のボーナスを得る
Firearms Slayer,火器キラー
+35% damage to firearms,火器を使う兵に対し、与ダメージ+35％
Hit and Run,ヒット・エンド・ラン
Bonus hit and evasion when standing in Open terrain and/or on Offense,開けた地形に立っている時および攻撃時、命中と回避のボーナスを得る
Shadowchaser,影追う者
Bonus movement in Ambushable terrain and ignore enemy Zones of Control,奇襲可能な地形において、移動ボーナスを獲得し、敵の支配領域を無視する
Imposing,貫禄
Noisy Cricket,うるさいコオロギ
Squad loses 15% threat for the purposes of being targeted (more likely to be targeted),部隊は、敵がターゲットを選択する際に15％の脅威レートを失う（敵に狙われる可能性が高くなる）
Combat Medic,従軍治療師
Support units in this squad heal for 20% more,この部隊のサポートユニットの回復量が20％増加する
Hospitaller,ホスピタラー
Out-of-battle Healing is 25% stronger,戦闘外での回復効果 +25％
Unassuming,慎重
Archer Captain,弓兵隊長
Soldier Captain,歩兵隊長
Knight Captain,騎士隊長
Melee Cavalry units in this Squad cost 2 less capacity,この部隊の近接騎兵ユニットのコストが2減少する
Bowmanship,弓兵の誇り
Arcane Vigor,魔法の活力
Gain Max HP equal to 100% of MAG,最大HPにMAGの100％の値を加算する
Arcane Might,魔法の怪力
Arcane Speed,魔法の俊足
Coldblooded,冷酷
Beacon,癒しの共鳴
Colossal,巨体
"Cannot dodge, deals increased morale damage",回避不可、与える士気ダメージが増加
Desperation,執念
Smite,粉砕
Dragonslayer,竜殺し
Unit does +50% more damage to Dragons,ドラゴンに対する与ダメージ +50％
Field Marshal,陸軍元帥
+10 Hit/Evade to entire army while squad is deployed,この部隊が戦場にいる時、自軍全体の命中と回避 +10
Bloodlust,血の渇望
Genbu Shell Fragment,玄武の甲羅のかけら
Soha's Blood Shard,ソハの血のかけら
Giant's Thresher,巨人殺し
"Squad does +25% damage to larger Squads, and -25% damage to smaller Squads",自分より大きい部隊への与ダメージ+25％、自分より小さい部隊への与ダメージ-25％
Sayunaari War Pike,サユナーの矛
Squad does +15% damage to Cavalry,騎兵部隊への与ダメージ+15％
Obsidian Edge,黒曜石のナイフ
"Squad does +25% damage to Boss Squads, only applies to Human targets",ボス部隊への与ダメージ+25％（人間のターゲットにのみ適用）
Everlasting Potion,永遠のポーション
Restore 20% max HP of the unit with the most missing HP at the start of combat,戦闘開始時に、HPが最も減っているユニットを20％回復する
Counterattack,超反撃
Deal +25% damage while on defense.  Stacks with Black Belt,守備側の時、与ダメージ+25％。 黒帯とスタック可
Black Belt,黒帯
Deal +25% damage while counterattacking,反撃時、与ダメージ+25％
Disarm,武器解除
Resolve,強固な意志
Immortal Spirit,不死の魂
"Once per Chapter, this unit will survive an enemy volley that would otherwise be fatal",このユニットは各章で1回だけ、戦闘不能に至る攻撃を耐えることができる
Precision,精密
Lithe Assault,流麗な襲撃
Concentration,集中
Unscathed,逃げ腰
Assassin's Heart,暗殺者の心
Assassin's Reaper,暗殺者の鎌
Silver-Tongued,雄弁
Warrior's Hubris,戦士の傲慢
Stormrook's Walls,ストームルークの壁
Squad deals +20% damage when attacking from wall to non-wall,部隊が壁の上から壁の外の敵に攻撃する時、与ダメージ+20％
Challenger,挑戦の気概
Lucky,強運
Some people are just lucky,世の中には時たま、運の良い人がいるものだ
Treasure Hunter,宝探し
Increased chance to find an item when destroying or forcing the surrender of enemy Squads,敵の部隊を撃破または降伏させた時のアイテムドロップ率が増加する
Arcane Barrier,魔法の壁
Mentor,名監督
Greatly improves leadership growth of subordinates.,部下の統率力の成長を大幅に促進する。
Healing Attuned,治癒の調和
Guardian Impulse,守り手の本能
Gain a chance at an extra action for every ally unit below half health at the end of combat,戦闘終了時に追加アクションを発動することがある。その確率は、HPが半分以下の味方ユニットが多いほど高くなる
Executioner,処刑人
Overpower,制圧
Deal damage to enemy Morale based on difference in STR,STRの差に応じて敵の士気にダメージを与える
Vengeance,復讐
Bodyguard,護衛
Venerable,威光
Squad Leader cannot be directly targeted unless all other squad members are incapaciated,他のすべての部隊メンバーが戦闘不能にならない限り、部隊リーダーは直接的なターゲットにされない
Dragon Affinity,竜の愛
Dragons in squad gain class XP faster,この部隊のドラゴンは、クラスXPをより多く獲得する
Light's Judgement,光の裁き
"When taking damage in battle, Diana gains Attack Power for the duration of the battle",ダイアナが戦闘でダメージを受けると、その戦闘中に追加の攻撃力を得る
Garrison,防衛隊
Damage reduction granted from terrains is increased by 50%,地形によるダメージ軽減効果が50％増大する
Soul of Sayunaa,サユナーの心
"Once per Phase, Swordfighter, Swordmaster, and Blademaster will automatically strike first on defense",フェイズごとに1回、ソードファイター、ソードマスター、ブレードマスターが守備時に自動的に先攻になる。
Desert Warrior,砂漠の戦士
Guile,狡猾
Unit bypasses Block and can attack any target,ユニットはブロックを無視し、あらゆるターゲットを攻撃できる
Retainer,家臣の守り
Jules takes 50% less damage if within 3 tiles on the tactical map,マップの3マス以内にいる場合、ジュールスの被ダメージが50％減少する
Tundra Warrior,極寒の戦士
"Squad is immune to negative effects of Blizzard weather and Chill status, and gains bonus evasion in Blizzard weather and Snow terrain",部隊は吹雪の天候や凍結ステータスの悪影響を受けず、吹雪の天候や雪原の地形で回避ボーナスを獲得する
Feline Acuity,猫の回避本能
Massive evasion boost versus stealth attacks,ステルス攻撃に対して大幅な回避ブーストを得る
Barek Tor Savagery,猫の狩猟本能
"At Night, every attack is an Ambush",夜になると、すべての攻撃が奇襲となる
Scavenger,漁り屋
Thievery,盗みの達人
"On combats initiated by my squad, steal a small amount of gold from the primary target based on SKL",この部隊が開始した戦闘において、メインターゲットからSKLに基づいて少量のゴールドを盗む
Haughty,高飛車
Beatrix is not affected by the morale of her squad,ベアトリクスは部隊の士気の影響を受けない
Shock and Awe,衝撃と畏怖
Donar's Presence,ドナーの存在感
Squads within 3 tiles are given a morale boost,周囲3マス以内にいる部隊の士気を高める
Shadow,隠密
Squad can move through tiles containing enemy Squads,部隊は、敵の部隊を含むマスを移動できる
Hand of Zanatus,ザナトゥスの手
2x damage to enemy morale from all actions and enemies will not surrender,すべてのアクションで2倍の士気ダメージを与え、決して降伏しない
Monarch,王の守り
Heavy units in Jules's Squad will always Cover him from targeted damage,ジュールスの部隊の重装ユニットは、常にジュールをターゲットダメージからカバーする。
Mirage,ミラージュ
"Gain an extra attack.  Every attack, and every counter-attack Stefan uses will be a Stealth attack",追加の攻撃を獲得する。 ステファンのすべての攻撃および反撃は、ステルス攻撃になる
Finish the Millenium War!,千年戦争の終結者
The world is behind you! +20 Capacity.  Your hero heals and boosts the morale of all allies within 3 tiles,世界が自分についている！キャパシティ+20。主人公は3マス以内のすべての味方の士気を回復し、高める
Prodigy,神童
"Unit gains 20% bonus to XP, CP, and LDR growth",このユニットは、XP、CP、LDRを20％多く獲得する
Mercenary,傭兵
Unit is solely motivated by a pay day. +2 Capacity cost unless leader,このユニットは金以外に興味がない。キャパシティコスト +2（リーダーでない場合）
Non-Committal,どっちつかず
Unit is beginning to warm up to your cause. +1 Capacity cost,このユニットは、行軍の正義に中立な姿勢だ。キャパシティコスト +1
Committed,賛同者
Unit identifies with your cause. -1 Capacity cost,このユニットは、行軍の正義を認めている。キャパシティコスト -1
Loyal,忠臣
Unit feels fully dedicated to your cause. -2 Capacity cost,このユニットは、行軍の正義に忠誠を誓っている。キャパシティコスト -2
"Squad is faster in open terrain, and can move after attacking",この部隊は開けた地形でより速く移動し、攻撃後も移動できる
"Squad's move is not penalized by rough terrain, moves slightly faster indoors, can hide in and ambush from woods, swamps, and towns",部隊の移動は荒い地形によってペナルティを受けることはなく、屋内ではわずかに速く動き、森、沼、町に隠れたり、奇襲したりできる
Squad has poor physical conditioning and less battlefield movement,部隊は調子が悪く、戦場での移動が遅くなっている
Squad's movement ignores terrain,部隊の移動は地形を無視する
\\N[8] - Zelos: I have dreamed of this for so long,\\N[8] - ゼロス:待ち焦がれた一時
\\N[8] and Zelos developed a deep bond.,\\N[8]とゼロスは深い絆を築いた。
\\N[8] - Jules: Some things shouldn't stay a secret,\\N[8] - ジュールス:隠せない想い
\\N[8] and Jules developed a deep bond.,\\N[8]とジュールスは深い絆を築いた。
\\N[8] - Barnabas: A story 20 years in the making,\\N[8] - バルナバス:20年越しの恋
\\N[8] and Barnabas developed a deep bond.,\\N[8]とバルナバスは深い絆を築いた。
"\\N[8] - Stefan: Partners in crime, forever?",\\N[8] - ステファン:永遠の悪友
\\N[8] and Stefan developed a deep bond.,\\N[8]とステファンは深い絆を築いた。
\\N[8] - Lysander: Intellectual supernova,\\N[8] - ライサンダー:偉大なる知性の融合
\\N[8] and Lysander developed a deep bond.,\\N[8]とライサンダーは深い絆を築いた。
\\N[8] - Jaromir: A very straight-forward proposal,\\N[8] - ジャロミール:情熱の求婚
\\N[8] and Jaromir developed a deep bond.,\\N[8]とジャロミールは深い絆を築いた。
\\N[8] - Sybil: I can be your refuge,\\N[8] - シビル:戦士の癒し
\\N[8] and Sybil developed a deep bond.,\\N[8]とシビルは深い絆を築いた。
\\N[8] - Jules: Fancy meeting you here,\\N[8] - ジュールス:思いがけぬ再会
\\N[8] and Jules have become friends.,\\N[8]とジュールスは友人になった。
\\N[8] - Barnabas: Mentor or mentee?,\\N[8] - バルナバス:師か弟子か
\\N[8] - Stefan: Tidereaver scum,\\N[8] - ステファン:タイドリーバーの無法者
\\N[8] and Stefan have become friends.,\\N[8]とステファンは友人になった。
\\N[8] - Stefan: Rogue with a heart of gold,\\N[8] - ステファン:黄金の心を持つ盗賊
\\N[8] - Raskuja: Legends of the Barek Tor,\\N[8] - ラスクージャ:バレクトールの伝説
\\N[8] and Raskuja have become friends.,\\N[8]とラスクージャは友人になった。
\\N[8] - Raskuja: Heart of the jungle,\\N[8] - ラスクージャ:ジャングルの魂
\\N[8] - Lysander: Ponderings on modernity,\\N[8] - ライサンダー:現代の考察
Diana - Stefan: Cannot deny our destiny,ダイアナ - ステファン:逆らえぬ運命
Diana and Stefan have developed a deep bond.,ダイアナとステファンは深い絆を築いた。
Diana - Lysander: You are better than this,ダイアナ - ライサンダー:あなたはこんなものじゃない
Diana and Lysander have become friends.,ダイアナとライサンダーは友人になった。
Diana - Lysander: An impolite inquiry,ダイアナ - ライサンダー:無礼な問い
Diana - Lysander: Subtlety is a lost art,ダイアナ - ライサンダー:失われた芸術
Diana - Jaromir: Old-fashioned fella,ダイアナ - ジャロミール:古き良き愛の形
Diana and Jaromir have developed a deep bond.,ダイアナとジャロミールは深い絆を築いた。
Beatrix - Jules: Spending social capital,ベアトリクス - ジュールス:社会資本
Beatrix and Jules have become friends.,ベアトリクスとジュールスは友人になった。
Beatrix - Jules: Redheads're nice,ベアトリクス - ジュールス:美しき赤い髪
Beatrix and Jules have developed a deep bond.,ベアトリクスとジュールスは深い絆を築いた。
Sybil - Jules: Walk this life with me,シビル - ジュールス:この人生を共に歩もう
Sybil and Jules have developed a deep bond.,シビルとジュールスは深い絆を築いた。
Sybil - Barnabas: Still got that spark,シビル - バルナバス:最後の火花
Sybil and Barnabas have developed a deep bond.,シビルとバルナバスは深い絆を築いた。
Abigayle - Zelos: Nice guys never win,アビゲイル - ゼロス:悪は勝つ
Zelos and Abigayle have developed a deep bond.,ゼロスとアビゲイルは深い絆を築いた。
"Narima - Stefan: Failed pickup artist, part 1",ナリマ - ステファン:やりすぎなナンパ、パート1
"Narima - Stefan: Failed pickup artist, part 2",ナリマ - ステファン:やりすぎなナンパ、パート2
Edelia - Lysander: Crossing sacred boundaries,エデリア - ライサンダー:神聖な境界線
Edelia and Lysander have developed a deep bond.,エデリアとライサンダーは深い絆を築いた。
Narima - Stefan: Failed pickup art... wait,ナリマ - ステファン:やりすぎなナンパ...かと思いきや
Narima and Stefan have developed a deep bond.,ナリマとステファンは深い絆を築いた。
Narima - Jules: Only a King to melt her heart,ナリマ - ジュールス:王の女
Narima and Jules have developed a deep bond.,ナリマとジュールスは深い絆を築いた。
\\N[8] - Diana: I see the real you...,\\N[8] - ダイアナ:本当のあなたが見える...
Diana and \\N[8] have developed a deep bond.,ダイアナと\\N[8]は深い絆を築いた。
\\N[8] - Diana: Doctrine of the Temple,\\N[8] - ダイアナ:神殿の教義
\\N[8] and Diana have become friends.,\\N[8]とダイアナは友人になった。
\\N[8] - Diana: Deeper dive into the Nephilim,\\N[8] - ダイアナ:ネフィリムの深淵
\\N[8] - Beatrix: The Pendergast fortune,\\N[8] - ベアトリクス:ペンダーガストの資産
"\\N[8] - Beatrix: Siren, or Succubus?",\\N[8] - ベアトリクス:セイレーンか、サキュバスか？
Beatrix \\N[8] have developed a deep bond.,ベアトリクスと\\N[8]は深い絆を築いた。
\\N[8] - Sybil: Why are you so angry?,\\N[8] - シビル:怒りの理由
Sybil and \\N[8] have developed a deep bond.,シビルと\\N[8]は深い絆を築いた。
\\N[8] - Abigayle: Instant chemistry,\\N[8] - アビゲイル:心奪われて
Abigayle and \\N[8] have developed a deep bond.,アビゲイルと\\N[8]は深い絆を築いた。
\\N[8] - Narima: Can we take on the world?,\\N[8] - ナリマ:世界に挑もう
Narima and \\N[8] have developed a deep bond.,ナリマと\\N[8]は深い絆を築いた。
\\N[8] - Zelos: Unbreakable together,\\N[8] - ゼロス:壊れぬ絆
Zelos and \\N[8] have developed a deep bond.,\\N[8]とゼロスは深い絆を築いた。
Sybil - Jules: Red oni and blue oni,シビル - ジュールス:赤鬼と青鬼
Zelos - Barnabas: Master Sergeant forever,ゼロス - バルナバス:偉大なる軍曹
Zelos and Barnabas have become friends.,ゼロスとバルナバスは友人になった。
\\N[8] - Narima: Noble warrior of Sayunaa,\\N[8] - ナリマ:サユナーの戦士
\\N[8] - Abigayle: Princess of the Snow,\\N[8] - アビゲイル:雪の姫君
\\N[8] - Lysander: Shock and awe,\\N[8] - ライサンダー:衝撃と畏怖
Lysander and \\N[8] have become friends.,ライサンダーと\\N[8]は友人になった。
\\N[8] - Lysander: Different kind of battlefield,\\N[8] - ライサンダー:もう1つの戦場
Sybil - Abigayle: Bonded,シビル - アビゲイル:絆
Sybil and Abigayle have become blood sisters.,シビルとアビゲイルは姉妹の絆を結んだ。
Abigayle will cost half Capacity in Sybil's Squad.,アビゲイルがシビルの部隊に加入する時のキャパシティコストが半分になった。
Sybil will cost half Capacity in Abigayle's Squad.,シビルがアビゲイルの部隊に加入する時のキャパシティコストが半分になった。
Beatrix - Lysander: What's your angle?!,ベアトリクス - ライサンダー:その角度は！？
Diana - Zelos: Demons of dark and light,ダイアナ - ゼロス:光と闇
\\N[8] - Beatrix: Is this the real you?,\\N[8] - ベアトリクス:それが本当のあなた？
"Barnabas - Zelos: Son, and I am disappoint",バルナバス - ゼロス:ああ、失望
Stefan - Diana: Broken,ステファン - ダイアナ:嘆き
Stefan - Lysander: Airships,ステファン - ライサンダー:飛空艇
Stefan and Lysander have become friends.,ステファンとライサンダーは友人になった。
Sybil - Diana: Self Sabotage,シビル - ダイアナ:サボタージュ
Stefan - Abigayle: Last flame of Donar,ステファン - アビゲイル:ドナーの最後の炎
Stefan has been friend-zoned.,ステファンは恋愛対象から外れた。
\\N[8] - Jaromir: Bulwark of the North,\\N[8] - ジャロミール:北の防壁
Jules - Barnabas: Patience,ジュールス - バルナバス:忍耐
Sybil - Barnabas: Friendly Ribbing?,シビル - バルナバス:和やかなからかい
Sybil and Barnabas have become friends.,シビルとバルナバスは友人になった。
Stefan - Diana: Keeping Up Appearances,ステファン - ダイアナ:体裁の維持
\\N[8] - Lysander: White Flag of War,\\N[8] - ライサンダー:戦争の白旗
Narima - Jules: Ghosts of Ezrum,ナリマ - ジュールス:エズラムの亡霊
Narima - Jaromir: Of the Snow and Sand,ナリマ - ジャロミール:雪と砂
Narima and Jaromir have become friends.,ナリマとジャロミールは友人になった。
"Jules - Barnabas: Melmonde, Sweet Home",ジュールス - バルナバス:愛する故郷メルモンデ
Jules and Barnabas have become friends.,ジュールスとバルナバスは友人になった。
Beatrix - Lysander: Wha... Really?!,ベアトリクス - ライサンダー:な...何！？
Beatrix and Lysander have developed a deep bond.,ベアトリクスとライサンダーは深い絆を築いた。
Academy of War,戦争学
Tactics and Command,戦術と戦略
Crafts and Technology,制作と産業
Apprentice Training,軍事演習
Unlocks a recruitment slot for apprentices.,アプレンティスの採用スロットをアンロックする。
Mentorship,指導の心得
"Non-leader Units in Squads now gain LDR at a modest rate, up to below 10 of the Squad Leader's current LDR stat.",部隊の非リーダーユニットは、部隊リーダーの現在のLDRステータスの10％未満までの微小な割合でLDRを獲得する。
Merchant Envoys,貿易特使
"Expands the Mercenary and Item Trader pools, giving us more opportunity to hire experienced warriors and purchase exotic Artifacts.",傭兵と貿易の枠を拡大し、経験豊富な戦士を雇ったり、レアなアイテムを購入する機会を増やす。
Zones of Control,支配領域
Enemy squads incur a movement penalty when moving between tiles that are adjacent to our Infantry type squads.,敵の部隊が自軍の歩兵タイプの部隊に隣接するマスを通ると、敵の部隊に移動ペナルティが発生する。
Battle Medics,戦場を駆ける治療師
All 'Support' classes gain +20 Maximum HP.,すべての「サポート」クラスの最大HP +20。
Army Stables,汗血馬
"It is now easier for our Cavalry Squads to achieve a Charge attack. Instead of requiring having moved 7 tiles before attacking, now they can move 6 tiles to achieve the same effect.",騎兵隊が突撃攻撃を発動しやすくなる。本来は攻撃前に7マス移動する必要があるが、6マスで同じ効果を得られるようになる。
Mixed Unit Tactics,混成の強み
"Each unit gains +3 Weapon Power for each unit of a different type added to the Squad, starting with the 2nd unit type.",各ユニットは、2つ目のユニットタイプを基点とし、部隊に追加された異なるタイプのユニットごとに+3武器パワーを獲得する。
Identify Command Structure,司令官特定
We now have the ability to use the 'Target Leader' attack type.,「リーダー狙い」の攻撃タイプを使用できるようになる。
Psych Warfare,心理戦
Defeating enemy squad leader causes even more Morale damage.,敵の部隊リーダーを倒した時に与える士気ダメージが、さらに増加する。
Standing Army,常備軍
"All new Conscripts start at +1 Level, and with half Class Mastery of their starting class.",すべての新米徴集兵は、レベルが1高い状態および最初のクラスの半分のクラス熟練度を持った状態から始まる。
Adept Artificer,熟練の工匠
"Unlocks a second Artifact slot, allowing us to further customize our squads.",2番目の装備スロットをアンロックし、チームをさらにカスタマイズできるようにする。
Crossbow Forging,クロスボウ鍛造
"We can now construct Crossbows, unlocking the Crossbowmen class.",クロスボウマンのクラスをアンロックし、クロスボウを構築できるようにする。
Adept Metallurgy,製鉄技術向上
Grants Heavy Infantry and Heavy Cavalry +25 MaxHP.,重歩兵と重騎兵の最大HP+25。
Steel Forging,鋼鉄鍛造
Improved Steel Plate Armor grants our Heavy Infantry and Heavy Cavalry +5 Armor.,強化された鋼鉄の鎧により、重装歩兵と重装騎兵の装甲+5。
Journeyman Leathercraft,熟練の革加工
"Our Light Armor has advanced, enhancing the Armor of all Light Infantry, Light Cavalry, Archery, and Firearms units gain +5 Armor.",軽装鎧が改良され、すべての軽装歩兵、軽装騎兵、弓兵、火器ユニットの装甲+5 。
Dragon Trainer,竜の調教
"Familiarity with Dracology has given our Drakelings, Dragons, and Dragon Riders 25% faster Class Mastery gain from combat and a slightly increased chance to appear as mercenaries.",ドラコンの生態により精通することで、ドラケリング、ドラゴン、ドラゴンライダーは、戦闘でクラス熟練度を25％多く獲得する。また、傭兵として出現する確率がわずかに増加する。
Martial Traditions,伝統武術
All units gain Class Mastery 15% faster.,すべてのユニットのクラス熟練度の獲得量が15％増加する。
Warhorse Husbandry,軍馬飼育
"Advanced breeding techniques have resulted in larger, hardier war horses. All Cavalry gains +50 Maximum HP.",高度な繁殖技術により、より大きく丈夫な軍用馬を開発する。すべての騎兵の最大HP+50。
Sisterhood of Justice,正義の姉妹
"Acolytes, Paladins, Valkyries, Exemplar, and Titan receive an additional bonus to Magic Resistance based on a portion of their Armor.",アコライト、パラディン、ヴァルキリー、イグザンプラー、タイタンは、装甲の値の一部に基づいて、魔法耐性を強化する。
Sisterhood of Mercy,慈悲の姉妹
"Medic, Priestess, Templar, Hospitaller take 25% less damage with Paladin, Valkyrie, Exemplar or Titan in the same Squad",メディック、プリースト、テンプラー、ホスピタラーは、同じ部隊にパラディン、ヴァルキリー、イグザンプラー、またはタイタンがいる場合、被ダメージが25％減少する。
Strategic Maneuvers,戦略的突撃
Cavalry squads now deal significant Morale damage when attacking with a Charge Attack.,騎兵部隊が突撃攻撃する際、敵の士気に大ダメージを与える。
Polearm Mastery,槍兵強化
Polearm units now grant bonus attack and defense versus melee to any adjacent unit.,槍使いユニットは、隣接するユニットに追加の攻撃力と近接攻撃に対する防御を与える。
Adaptive Battlefield Command,巧みな戦術
We now have the ability to use the 'Aggressive' and 'Cautious' attack types.,「穴狙い」および「慎重」攻撃タイプを使用できるようになる。
Popular Support,民衆の支持
"Squads gain a Morale bonus when within 3 tiles of a Base, Village, or Town owned by our faction.",自軍が占領している基地、村、または町から3マス以内に部隊がいる時、士気ボーナスを獲得する。
Advanced Archery Technique,剛弓使い
+1 arrows fired (from 3 to 4) by Archery units at 2 or more range.,弓兵が2射程以上から発射する矢の数 +1（3→4）。
Journeyman Artificer,国宝級の名工
"Unlocks a 3rd Artifact slot, allowing us maximum customizability for our squads.",3番目の装備スロットのアンロックし、部隊のカスタマイズ性を最大にする。
Advanced Crossbows,クロスボウ強化
Crossbowmen and Rangers gain an additional 25% bonus damage against Heavy Infantry and Heavy Cavalry.,クロスボウマンとレンジャーの、重装歩兵と重装騎兵に対する与ダメージ +25％。
Advanced Material Science,新合金開発
Grants Heavy Infantry and Heavy Cavalry +25 Max HP for a cumulative effect of +50. Unlocks powerful firearms technologies.,重装歩兵と重装騎兵に最大HP+25、累積効果+50 を付与する。また、強力な火器開発技術をアンロックする。
Obsidian Forging,黒曜石鍛造
"Now that we have a grasp on the powerful and rare metal named Obsidian, we can use it to enhance our existing Steel Plate Armor, granting Heavy Infantry and Heavy Cavalry an additional +5 Armor.",黒曜石という強力な希少金属を研究し、鎧を強化することで、重装歩兵と重装騎兵の装甲+5。
Behemoth Leather Armor,ベヒーモスの鎧
"Using hides from the fearsome Behemoth, we can further enhance our Light Armor. Light Infantry, Light Cavalry, Archers, and Firearms gain an additional +5 to Armor.",恐ろしい魔獣ベヒーモスの皮を使用し、軽装鎧を強化する。軽装歩兵、軽装騎兵、弓兵、火器兵の装甲+5。
Mage Regiments,魔法使い連隊
"All 'Magician' and 'Support' classes are now of the 'Normal' unit type rather than 'Slow', and Magician attacks decay in power more slowly when used consecutively.",すべての「魔法使い」および「サポート」クラスは、「低速」ではなく「普通」ユニットタイプになり、魔法使いが攻撃を連続使用した際の威力低下も少なく抑えられる。
Magician's Initiative,魔術開発
Spells that have a charge-up turn can now be cast on the first turn of battle when on offense.,チャージしなければならない呪文について、自分が攻撃側の時、最初のラウンドで発動できるようになる。
Hex Mastery,呪術開眼
Status effects from Magician and Dragon breath attacks have an increased chance to be inflicted.,魔法使いとドラゴンのブレス攻撃により、ステータス効果が付与される確率が増加する。
Spirit Piercing,霊魂破壊
Magician and Dragon breath attacks ignore 25% of the target's resistance.,魔法使いとドラゴンのブレス攻撃は、ターゲットの耐性を25％無視する。
Advanced Mobile Warfare,超機動部隊
Dragoons are now 'Light Cavalry' move type.,ドラグーンが「軽装騎兵」タイプになる。
Advanced Flanking,高度側面攻撃
+15% Attack power when engaging in close range battles for each allied squad that is adjacent to the target enemy squad.,ターゲットの敵部隊に隣接する味方部隊1つごとに、近接戦闘時の攻撃力+15％。
Optimized Tactics,適合戦略
Improves effects of most special tactics.,ほとんどの特殊戦術の効果が向上する。
Supply Chain Mastery,供給改善
"Villages, Towns, Castles, and Bases held by our faction now provide healing to our Squads within 3 tiles every turn.",自軍が占領した村、町、城、基地の3マス以内に部隊がいる時、毎ターン回復効果を提供する。
Archer General,驚異の弓
"All 'Archery' classes are now of the 'Light' unit type, a massive advantage to mobility and ambushes.",すべての「弓兵」クラスは「軽量」ユニットタイプになり、機動性が向上し、奇襲で大きなアドバンテージを得る。
Master Artificer,装備改良
All Artifacts cost -1 Capacity.,すべての装備のキャパシティコスト-1。
Grapeshot,破裂弾
Artillery attacks have increased splash radius and damage.,大砲の弾の拡散半径とダメージが増加する。
Gunsmithing,銃開発研究
"We are now able to manufacture guns and cannons. Unlocks the Gunner, Dragoon, and Siege Cannon classes.",銃や大砲を製造できるようになる。ガンナー、ドラグーン、シージキャノンのクラスをアンロックする。
Breech-Loading Gun,元込め式銃
'Gunner' units and Artillery are no longer negatively affected by weather.,「ガンナー」ユニットと砲兵は、天候の影響を受けなくなる。
Dragon Bond,ドラゴンの絆
"Unlocks the Dragon Rider class. The ultimate unit type, allowing us to control Dragon flight ability to take to the skies.",ドラゴンライダーをアンロックする。ドラゴンライダーは、ドラゴンを制御し、空を飛べる超強力なクラスである。
Grand Army,軍備拡大
ALL squads in the army gain +10 capacity limit.,軍のすべての部隊のキャパシティ+10。
Professionalism,プロフェッショナリズム
"New Conscripts start with mastery of all available Tier 1 classes, start with +3 Levels, and with full Loyalty to your cause.",今後雇う兵士は、「すべてのティア1クラスを習得」、「レベル+3」、「大義に完全な忠誠を持つ」状態で始まるようになる。
Musketeering,マスケット銃開発
Advanced firearm techniques grant our Gunners and Dragoons an additional attack.,高度な火器技術により、ガンナーとドラグーンに追加の攻撃が与えられる。
Industrial Furnace,溶鉱炉
"We are now able to maintain high-energy blast furnaces, allowing for far more efficient processing of materials. -1 Iron and Obsidian costs for all units.",高エネルギーの炉を維持できるようになり、はるかに効率的な素材加工が可能となる。すべてのユニットの鉄と黒曜石のコスト-1。
Rifled Artillery,ライフル砲
+1 Range to Siege Cannons.,シージキャノンの射程+1。
Hero has fallen in battle,主人公が死亡しました
Mission objective failed,ミッション失敗
Home Base has been captured,自軍の本拠地が占領されました
Chapter Complete!,ステージクリア！
Chapter Complete,ステージクリア
World Lore,伝説
Tactics and Strategy,戦略
Class List,クラス一覧
Terrains,地形
Reference Guide,ガイド
Tutorial,チュートリアル
Attack from a hill using Jules's Squad,ジュールスの部隊を使って山の上から攻撃する
Seize all Map Objectives,すべての目標地点を占領する
Seize Eastwall Fortress,イーストウォール砦を占領する
\\N[8] is defeated in battle,\\N[8]が戦闘で倒される
"Seize Marche, the Trade Town",貿易の町マルチェを占領する
Seize the Donari Temple,ドナー神殿を占領する
Complete The Chapter within 10 turns,10ターン以内にステージをクリアする
Seize Centurion's Rest Compound,センチュリオンズレストの砦を占領する
Barnabas is defeated before being recruited,バルナバスが仲間になる前に倒される
No allied Imperial Army squads lost,すべての帝国兵の部隊を生存させる
Cause an enemy Squad to Surrender,敵の部隊を降伏させる
Seize Centurion's Rest,センチュリオンズレストを占領する
Stefan defeats an enemy in just 1 attack,ステファンが1回の攻撃で敵を倒す
Open all Treasures,すべての宝箱を開く
\\N[8] escapes from prison,\\N[8]が牢獄を脱出する
Any friendly units are defeated in battle,仲間ユニットが戦闘で倒される
Find and rescue the dragon child,ドラゴンの子供を発見し、救出する
Seize Fort Naxos,ナクソス砦を占領する
\\N[8] is defeated in battle OR,\\N[8]が戦闘で倒されるか、
The enemy captures Granheim Abbey,敵にグランハイム修道院を占領される
"Seize Port Jenos, the Port Town",ジェノス港を占領する
Defeat Kuroda's squad in battle,クロダの部隊を戦闘で倒す
No enemy squads attack Fort Naxos,敵にナクソス砦を攻撃させない
Defend Fort Naxos for 15 turns OR,ナクソス砦を15ターン守り抜くか、
Destroy all enemy Squads + Seize Port Jenos,敵部隊をすべて倒し、ジェノス港を占領する
The enemy captures Fort Naxos,敵にナクソス砦を占領される
Narima is not defeated in battle,ナリマが戦闘で倒されない
Seize all Tidereaver ships,すべてのタイドリーバーの船を占領する
Seize the Tidereaver Flagship,タイドリーバーの大船を占領する
Seize Greyden Slave Complex,グレイデン奴隷収容所を占領する
Recruit the Barek Tor Mercenary,バレクトールの傭兵を雇う
\\N[8] reaches Lemelin Monastery,\\N[8]がレメリン修道院に到達する
Lysander is not defeated in battle,ライサンダーが戦闘で倒されない
No enemy squad attacks Lemelin Monastery,敵にレメリン修道院を攻撃させない
No more than 4 Isanter squads are defeated,イサンテル隊の敗北を4部隊以下に抑える
Defend Lemelin Monastery for 15 turns OR,レメリン修道院を15ターン守り抜くか、
Seize Westerfield Fortress,ウェスタ―フィールド砦を占領する
The enemy captures Lemelin Monastery,敵にレメリン修道院を占領される
No enemy squads attack Isanter Palace,敵にイサンテル宮殿を攻撃させない
Complete The Chapter within 12 turns,12ターン以内にステージをクリアする
Seize Trucea,トルセアを占領する
The enemy captures Isanter Palace OR,敵にイサンテル宮殿を占領されるか、
The enemy captures Lemelin Fortress,敵にレメリン修道院を占領される
Complete The Chapter within 20 turns,20ターン以内にステージをクリアする
Complete The Chapter within 15 turns,15ターン以内にステージをクリアする
Seize Fort Eureeka,エウレカ砦を占領する
The enemy captures Trucea,敵にトルセアを占領される
Survive against Casamir's army for 2 turns,カサミールの部隊相手に2ターン生き残る
Survive against Casamir's army for 4 turns,カサミールの部隊相手に4ターン生き残る
Survive against Casamir's army for 6 turns,カサミールの部隊相手に6ターン生き残る
Defend Fort Eureeka OR,エウレカ砦を守り抜くか、
Defeat Casamir's entire army,カサミールの部隊を全滅させる
The enemy captures Fort Eureeka,敵にエウレカ砦を占領される
Seize Rimorgue and Stormrook,リモーグとストームルークを占領する
Hand of Zanatus is defeated in battle,ザナトゥスの手が戦闘で倒される
Diana reaches the stairs to the dungeon,ダイアナが地下牢の階段に到達する
Diana is defeated in battle,ダイアナが戦闘で倒される
Destroy bridge after all children are safe,すべての子供が橋を渡った後で、それを破壊する
Diana reaches Centurion's Rest,ダイアナがセンチュリオンズレストに到達する
Diana is defeated in battle OR,ダイアナが戦闘で倒されるか、
None of the escaping children survive,子供が全員死亡する
Seize Imperial Sally Port,帝国の出撃路を占領する
The enemy captures Diana Front Base,敵にダイアナの前線基地を占領される
Avoid battle with the Hand of Zanatus,ザナトゥスの手との戦闘を避ける
Diana reaches the Portal to Mount Ptolomea,ダイアナがプトロメア山へのポータルに到達する
Use a Nephilim Power,ネフィリムの力を使う
Seize Embor,エンボーを占領する
The enemy captures Centurion's Rest,敵にセンチュリオンズレストを占領される
"Narima, Raskuja, and Sybil survive",ナリマ、ラスクージャ、シビルが生き残る
Defend Eastwall Fortress for 10 turns OR,イーストウォール砦を10ターン守り抜くか、
Destroy all enemy Squads,すべての敵部隊を倒す
Lysander is defeated in battle OR,ライサンダーが戦闘で倒されるか、
The enemy captures Eastwall Front Base,敵にイーストウォール前線基地を占領される
Avoid taking hazard damage from lava,溶岩からダメージを受けない
\\N[8] reaches the Stone Gate,\\N[8]が石の門に到達する
"Seize Felnamia, the castle town",城塞都市フェルナミアを占領する
\\N[8] reaches the Donari Temple,\\N[8]がドナー神殿に到達する
Sybil is defeated in battle OR,シビルが戦闘で倒されるか、
The enemy captures Felnamia Front Base,敵にフェルナミア前線基地を占領される
Azuros does not fall below 50% HP,アズロスのHPが50％以下にならないようにする
"Seize the enemy Home Base, Nikeda Redoubt",敵の本拠地、ニケダ要塞を占領する
Azuros is defeated in battle OR,アズロスが戦闘で倒されるか、
The enemy captures Eberminster,敵にイベルミニスターを占領される
Do not kill any Sisterhood of Mercy,慈悲の姉妹を倒さない
Destroy all of the Zanatus Mages,すべてのザナトゥス教団の魔導士を倒す
Edelia is defeated in battle,エデリアが戦闘で倒される
No enemy squads escape,敵を1部隊も逃がさない
Destroy all enemy Squads OR,すべての敵部隊を倒すか、
All enemy Firearms Squads Retreat,すべての敵の火器部隊が撤退する
\\N[8] reaches the dungeon staircase,\\N[8]が地下牢の階段に到達する
"Seize Blackstone, the Tidereaver Base",タイドリーバーの根城、ブラックストーンを占領する
Seize Crestmoor,クレストムーアを占領する
The enemy captures Sandraka Front Base,敵にサンドラカ前線基地を占領される
Seize all Objectives,すべての目標地点を占領する
Seize Greywind Shrine,グレイウィンドの祠を占領する
Jules is not defeated in battle,ジュールスが戦闘で倒されない
Survive for 6 turns OR,6ターン生き残るか、
Seize all Mines,すべての鉱山を占領する
Seize Fort Dakur,ダクール砦を占領する
The enemy captures Ezrum,敵にエズラムを占領される
Cause at least 3 Sayunaari squads to Surrender,3以上のサユナー部隊を降伏させる
Seize Sayunaa,サユナーを占領する
The enemy captures Fort Dakur,敵にダクール砦を占領される
Seize Rimorgue,リモーグを占領する
The enemy captures Nephilim Army Base,敵にネフィリム軍の基地を占領される
Destroy no more than 3 Imperial Squads,帝国の部隊の撃破数を3以下に抑える
Seize Armitage,アーミテージを占領する
Rescue Alex within 10 turns,10ターン以内にアレックスを救出する
Defeat Casamir,カサミールを倒す
Defeat Lysander,ライサンダーを倒す
Defeat Zanatus,ザナトゥスを倒す
Capture the Enemy Base,敵の基地を占領する
Lose 5 or more squads,5つ以上の部隊を失う
Home Base is captured,本拠地を占領される
Survive for 30 Rounds OR,30ターン生き残るか、
Lose all squads,すべての部隊を失う
Shattered,戦意喪失
Shaken,動揺
Fearful,緊張
Fair,普通
Good,良好
Excellent,絶好調
Fearless,意気揚々
Meteor,隕石
"Meteor: Deal 25% of Max HP of all Units in all enemy Squads in a cross-shaped area of effect, cannot damage beyond 75% Max HP lost, does not affect bosses.",隕石: 十字の効果範囲内にあるすべての敵部隊の全ユニットの最大HPの25％のダメージを与える。ただし、敵の最大HPの75％を超過する分のダメージは与えられず、ボスには効果がない。
Teleport,転送
Teleport: Instantly move a friendly Squad to any valid tile within 5 tiles of that Squad’s current location. Does not consume any move points or actions.,転送: 味方の部隊を、現在いる地点から5マス以内の任意の場所に瞬間移動させる。移動ポイントやアクションを消費しない。
Exemplar,堅守
Exemplar: A friendly Squad resists 50% of all damage for one entire player phase + enemy phase. Enemies will always target this Squad.,堅守: 味方の1部隊の1プレーヤーフェイズ + 敵フェイズの間、すべての被ダメージが50％減少する。敵は常にこの部隊をターゲットにする。
Terror,恐怖
Terror: Inflicts massive Morale damage to every enemy Squad within a 3x3 tile area of effect.,恐怖: 3x3タイルの効果範囲内にいるすべての敵部隊の士気に大ダメージを与える。
Blessing,祝福
"Blessing: Refresh a friendly Squad, giving them another full turn during the same player phase.",祝福: 味方の1部隊をリフレッシュし、プレーヤーフェイズ中に再行動できるようにする。
Basic Infantry. Front line warrior who can provide cover. Has the most options for growth into other unit types.,下位歩兵。主に前線に配置され、後方をカバーする。他のユニットタイプへの成長の選択肢が最も多い。
Fighter,ファイター
"A child dragon with basic fire breath. In time, will mature in a formidable adult.",小さな炎を吐く子供のドラゴン。やがて、恐るべき成獣へと成長する。
Drakeling,ドラケリング
"A young adult dragon, breathes fire in a wide swath. Can specialize into more advanced dragons.",若い大人のドラゴン。怒りと共に炎を吐く。さらに上位のドラゴンへと成長する。
Dragon,ドラゴン
A mature dragon specializing in powerful fire breath. May learn how to become a Red Dragon Rider.,強力な炎を吐く成熟したドラゴン。調教すればレッドドラゴンライダーになれるかもしれない。
Red Dragon,レッドドラゴン
A mature dragon specializing in powerful lightning breath. May learn how to become a Blue Dragon Rider.,強力な雷を吐く成熟したドラゴン。調教すればブルードラゴンライダーになれるかもしれない。
Blue Dragon,ブルードラゴン
A mature dragon specializing in powerful ice breath. May learn how to become a Silver Dragon Rider.,強力な氷を吐く成熟したドラゴン。調教すればシルバードラゴンライダーになれるかもしれない。
Silv. Dragon,シルバードラゴン
"The ultimate evolution of the Red Dragon, it can now take to the skies and deliver devastating fire breath.",レッドドラゴンの究極の進化形であるこのユニットは、空を飛び、超強力なファイアブレスを放つことができる。
Red D.Rider,レッドドラゴンライダー
"The ultimate evolution of the Blue Dragon, it can now take to the skies and deliver devastating lightning breath.",ブルードラゴンの究極の進化形であるこのユニットは、空を飛び、超強力なライトニングブレスを放つことができる。
Blue D.Rider,ブルードラゴンライダー
"The ultimate evolution of the Silver Dragon, it can now take to the skies and deliver devastating ice breath.",シルバードラゴンの究極の進化形であるこのユニットは、空を飛び、超強力なアイスブレスを放つことができる。
Silv. D.Rider,シルバードラゴンライダー
"Basic Infantry. Can be part of a Light Squad, who specialize in rough terrain and ambushes.",下位歩兵。荒い地形と奇襲を得意とする軽量歩兵。
Militia,ミリティア
Basic Archery unit. Can attack from 2 tiles away.,下位弓兵。2マス離れた位置から攻撃できる。
Bowman,ボウマン
Basic Support unit. Able to provide healing in and out of battle.,下位サポートユニット。戦場でヒーリングを行う。
Medic,メディック
"Front line Heavy Infantry. Heavily armored, and protects back lines with Cover.",前線重装歩兵。重々しく武装し、後衛ユニットを守る。
Soldier,ソルジャー
Front line Heavy Infantry. Polearms are strong against Cavalry.,前線重装歩兵。槍使いは対騎兵戦で大いに力を発揮する。
Spearman,スピアマン
"Basic Heavy Cavalry. Heavily armored, and protects back lines with Cover.",下位重装騎兵。重々しく武装し、後衛ユニットを守る。
Cavalier,キャバリアー
Heavy Infantry. Deals Striking damage. Gets a bonus to Magic Defense from a portion of her Armor.,重装歩兵。打撃でダメージを与える。装甲の一部から魔法防御ボーナスを得る。
Skirmisher,スカーミッシャー
"Basic Light Cavalry. Can Ambush, and is strong against enemy Cavalry.",下位軽装騎兵。奇襲ができ、騎兵に強い。
Scout,スカウト
"Specialized Light Infantry. On offense, will execute a Stealth attack, striking the back row.",特殊軽装歩兵。攻撃側の時、ステルス攻撃を行い、後列を襲う。
Rogue,ローグ
Standard Archery unit. Can attack from 2 tiles away. Has the potential to upgrade to a class with 3 tile range.,中位弓兵。2マス離れた位置から攻撃できる。3マス射程のクラスにアップグレードできることもできる。
Archer,アーチャー
"Specialized Archery unit. Can attack from 2 tiles away, and gets a bonus against Heavy troops.",特殊弓兵。2マス離れた位置から攻撃できる。重装ユニットとの戦闘でより力を発揮する。
Crossbowman,クロスボウマン
"Light Cavalry Archer. Can fire from 2 tiles, ambush, and hit-and-run.",軽装騎弓兵。2マス離れた位置から攻撃できる。奇襲とヒット・エンド・ランも可能。
Horsebow,ホースボウ
"Standard Light Infantry. Very strong attack, but sacrifices almost all defense.",中位軽装歩兵。絶大な攻撃力を誇るが、それと引き換えに防御性能を犠牲にしている。
Swordfighter,ソードファイター
Basic Magician unit. Launches a Fire elemental magic attack with a small area effect.,下位魔法使い。小範囲を攻撃する火の魔法を繰り出す。
Apprentice,アプレンティス
"Standard Support unit. Able to provide healing in and out of battle, with much greater ability than the Medic.",中位サポートユニット。メディックよりもはるかに優れた能力を持ち、戦場でヒーリングを行う。
Priestess,プリースト
Specialized Magician unit. Launches a Dark elemental magic attack that has a chance to stun and/or daze the target.,特殊魔法使いユニット。ターゲットをスタンおよび/または放心させる闇の魔法を放つ。
Siren,セイレーン
Powerhouse defensive Heavy Infantry. Uses a polearm and has a special defense against Firearms attacks.,上位守備型重装歩兵。槍を使い、火器に対する高い防御性能を備える。
Sentinel,センチネル
Powerhouse Heavy Infantry. Executes a double-attack against a single enemy.,上位重装歩兵。単体の敵に対してダブル攻撃を仕掛ける。
Champion,チャンピオン
"Specialized Heavy Infantry. Attack hits a wide-arc, striking the units adjacent to the target in the same row.",特殊重装歩兵。攻撃は横に広がり、同じ列のターゲットに隣接するユニットを攻撃する。
Zweihander,ツヴァイヘンダー
"Specialized Heavy Infantry. The ultimate Polearm attacker, whose attacks strike the units behind the target.",特殊重装歩兵。ターゲットの後ろのユニットも攻撃する究極の槍使い。
Centurion,センチュリオン
Versatile Heavy Infantry. Possesses the Polearm skill of a Spearman with the bow attacks of an Archer. 35% More base Evasion than other Heavy classes.,多機能重装歩兵。アーチャーの弓攻撃とスピアマンの槍攻撃のスキルを併せ持つ。他の重装歩兵クラスよりも基本回避率が35％高い。
Samurai,サムライ
"Specialized Heavy Infantry. Deals Striking damage. Gets a bonus to Magic Defense from a portion of her Armor, and deals extra damage to Magicians. Can heal self or ally under 50% HP once per battle.",特殊重装歩兵。打撃でダメージを与える。装甲の一部から魔法防御ボーナスを得て、魔法使いに追加ダメージを与える。1回の戦闘で1回、自身または味方をHP50％以下の状態から回復する。
Paladin,パラディン
Powerhouse Heavy Cavalry. Has a special defense against Archery attacks.,上位重装騎兵。弓攻撃に対して特殊な防御を持つ。
Knight,ナイト
"Versatile Heavy Cavalry. Brings the healing ability of the Hospitaller, but can now attack in battle and execute Charge attacks.",多機能重装騎兵。ホスピタラーの回復能力を持ちながら、戦闘では攻撃および突撃攻撃が行える。
Valkyrie,ヴァルキリー
"Specialized Light Infantry. Can Ambush, and gets a significant SKL bonus while fighting in Rough terrain, and can fire a precision bolt.",特殊軽装歩兵。奇襲が可能で、荒い地形での戦闘する時、SKLが大幅に上がり、正確な一撃を放つ。
Ranger,レンジャー
"Specialized Light Infantry. On offense, will execute a Stealth attack, striking the back row, with much greater ability than the Rogue.",特殊軽装歩兵。攻撃側の時、ステルス攻撃を行い、後列を襲う。ローグよりもはるかに高いステータスを持つ。
Assassin,アサシン
"Powerhouse Light Cavalry. Can Ambush, and is strong against enemy Cavalry, with much greater ability than the Scout.",上位軽装騎兵。奇襲でき、敵の騎兵に強く、スカウトよりもはるかに優れたステータスを持つ。
Hussar,ハッサー
Powerhouse Archery unit. Can attack from up to 3 tiles away.,上位弓兵。3マス離れた位置から攻撃できる。
Warbow,ウォーボウ
"Powerhouse Light Cavalry Archer. Can fire from 2 tiles, ambush, and hit-and-run, with much greater ability than the Horsebow.",上位軽装騎弓兵。2マスから離れた位置からの射撃、奇襲、ヒット・エンド・ランが可能で、ホースボウよりもはるかに優れたステータスを持つ。
Raider,レイダー
"Ultimate Support unit. Able to provide healing in and out of battle, with the greatest possible proficiency.",最高位サポートユニット。最高クラスの能力を持ち、戦場でヒーリングを行う。
Templar,テンプラー
"Specialized Support unit. Able to provide healing in and out of battle, with the mobility of Cavalry.",特殊サポートユニット。騎兵の機動力を持ちつつ、戦場でヒーリングを行う。
Powerhouse Magician unit. Launches a powerful Fire elemental magic attack that hits the entire target Row.,強力な魔法使いユニット横一列に強力な火の魔法を放つ。
Fire Mage,ファイアメイジ
"Specialized Magician unit. Launches an Ice elemental magic attack that hits a large area of effect, and inflicts Chill on targets.",特殊魔法使いユニット。広範囲に強力な氷の魔法を放ち、敵を凍結状態にする。
Ice Mage,アイスメイジ
Powerhouse Magician unit. Launches a powerful Lightning elemental magic attack that hits the entire target Column.,強力な魔法使いユニット縦一列に強力な雷の魔法を放つ。
Lit.Mage,ライトニングメイジ
"Specialized Magician unit. Launches a Dark elemental magic attack that hits a large area of effect, with a chance to inflict Stun and Daze.",特殊魔法使いユニット。広範囲に闇魔法を放ち、一定確率でスタンおよび放心状態にする。
Sorceress,ソーサレス
Standard Firearms unit. Attacks are extremely powerful and bypass almost all Armor.,中位火器ユニット。その攻撃は非常に強力で、ほぼすべての装甲を無視する。
Gunner,ガンナー
Specialized Firearms unit. Attacks are extremely powerful and bypass almost all Armor. Has the mobility of Cavalry.,特殊火器ユニット。その攻撃は非常に強力で、ほぼすべての装甲を無視する。騎兵の機動力を併せ持つ。
Dragoon,ドラグーン
Specialized Firearms unit. Can only attack on offense. Launches a powerful barrage from up to 3 tiles away.,特殊火器ユニット。自軍ターンの時のみ攻撃可能。最大3マス離れた位置から強力な大砲を発射する。
S. Cannon,シージキャノン
Powerhouse offensive Light Infantry. Executes a powerful double-attack.,上位攻撃型軽装歩兵。強力なダブル攻撃を放つ。
Swordmaster,ソードマスター
Powerhouse offensive Light Infantry. Executes a powerful double-attack. Attacks with a bow at 2+ range.,上位攻撃型軽装歩兵。強力なダブル攻撃を放つ。2マス離れている場合は弓で攻撃する。
Blademaster,ブレードマスター
Diana's empowered form.,ダイアナの覚醒形態。
Titan,タイタン
"Diana's smaller form, with the same abilities as the Titan.",タイタンと同じ能力を持つダイアナの小形態。
What would I do if I abandon my destiny?,運命を投げ出してはいけない。
You're not getting rid of me that easily.,ここでやめるわけにはいかないぜ。
"Hey, come on! I never abandon my friends.",仲間を見捨てろって言うのかい？
"No, not again... let me prove myself to you!",もう一度だけ...力を証明するチャンスをちょうだい！
Early retirement ain't for me quite yet.,俺の人生に引退の二文字はねえ。
"Yeah, right. What would you do without this face?",おいおい、俺様なしで何ができるってんだい？
I will die long before considering surrender.,戦うのをやめるなら、死んだ方がマシだ。
What... why? Don't leave me alone out here!,ど...どうして？私を置いていかないで！
You must realize our fates are inexorably linked.,我々の運命は切っても切れない関係にあるのだ。
I have worked far too hard to quit now.,今更あきらめるわけにはいかないわ。
Raskuja is to be fulfilling his contract.,ラスクージャ、最後まで契約果たす。
The Avatar of Donar finds me unworthy...?,ドナーよ、私を見捨てないでおくれ。
Ha! Please. You wouldn't want me as an enemy.,ええ？私を敵に回したいわけ？
Is this some kind of childish joke?,それは冗談で言っているのか？
All I have left is to kill the demon.,まだ最後の敵を倒していない。
\\M[tactic_normal.png]Normal Attack,\\M[tactic_normal.png]通常攻撃
"\\M[tactic_normal.png]Normal Attack\\LINEBalanced attack, no special bonuses or penalties",\\M[tactic_normal.png]通常攻撃\\LINEバランスの取れた攻撃、特殊なボーナスやペナルティなし
"\\M[tactic_normal.png]Normal Attack\\LINEBalanced attack, no special bonuses or penalties.",\\M[tactic_normal.png]通常攻撃\\LINEバランスの取れた攻撃、特殊なボーナスやペナルティなし。
\\M[tactic_forcesurrender.png]Force Surrender,\\M[tactic_forcesurrender.png]強制降伏
"\\M[tactic_forcesurrender.png]Force Surrender\\LINEAttempt to negotiate a surrender.  If the attempt fails, enter combat and lose your first turn in the next combat while taking 15% additional damage on first turn.  Enemies defeated in next combat have chance to surrender.",\\M[tactic_forcesurrender.png]強制降伏\\LINE降伏を勧告する。 失敗した場合、戦闘に入り、戦闘の最初のターンを失う上に、15％の追加ダメージを受ける。 次の戦闘で負けた敵は、降伏する可能性がある。
"\\M[tactic_forcesurrender.png]Force Surrender\\LINEAttempt to negotiate a surrender.  If the attempt fails, enter combat and lose your first turn in the next combat.  Enemies defeated in next combat have chance to surrender.",\\M[tactic_forcesurrender.png]強制降伏\\LINE降伏を勧告する。 失敗した場合、戦闘に入り、次の戦闘の最初のターンを失う。 次の戦闘で負けた敵は、降伏する可能性がある。
\\M[tactic_cautious.png]Cautious,\\M[tactic_cautious.png]慎重
\\M[tactic_cautious.png]Cautious\\LINESpread damage between targets as much as possible.  Deal -15% and take -25% damage until the start of next Player Phase.,\\M[tactic_cautious.png]慎重\\LINE可能な限りターゲット間でダメージを分散させる。 次のプレーヤーフェイズ開始まで、与ダメージ -15％、被ダメージ -25％。
\\M[tactic_cautious.png]Cautious\\LINESpread damage between targets as much as possible.  Deal -15% and take -35% damage until the start of next Player Phase.,\\M[tactic_cautious.png]慎重\\LINE可能な限りターゲット間でダメージを分散させる。 次のプレーヤーフェイズ開始まで、与ダメージ -15％、被ダメージ -35％。
\\M[tactic_aggressive.png]Aggressive,\\M[tactic_aggressive.png]穴狙い
\\M[tactic_aggressive.png]Aggressive\\LINETarget weak and low HP enemies.  Deal +15% damage and take +35% damage until the start of next Player Phase.,\M[tactic_aggressive.png]穴狙い\\LINE弱くHPが低い敵を狙う。 次のプレーヤーフェイズ開始まで、与ダメージ +15％、被ダメージ +35％。
\\M[tactic_aggressive.png]Aggressive\\LINETarget weak and low HP enemies.  Deal +25% damage and take +35% damage until the start of next Player Phase.,\M[tactic_aggressive.png]穴狙い\\LINE弱くHPが低い敵を狙う。 次のプレーヤーフェイズ開始まで、与ダメージ +25％、被ダメージ +35％。
\\M[tactic_leader.png]Target Leader,\\M[tactic_leader.png]リーダー狙い
"\\M[tactic_leader.png]Target Leader\\LINEAttack Leader or anyone blocking Leader.  +35% hit rate, -25% evasion until the start of next Player Phase.",\M[tactic_leader.png]リーダー狙い\\LINEリーダーまたはリーダーをブロックしているユニットを攻撃する。次のプレーヤーフェイズ開始まで、命中率 +35％、回避率 -25％。
"\\M[tactic_leader.png]Target Leader\\LINEAttack Leader or anyone blocking Leader.  +35% hit rate, -10% evasion until the start of next Player Phase.",\M[tactic_leader.png]リーダー狙い\\LINEリーダーまたはリーダーをブロックしているユニットを攻撃する。次のプレーヤーフェイズ開始まで、命中率 +35％、回避率 -10％。
\\M[tactic_normal.png]Balanced,\\M[tactic_normal.png]バランスの取れた攻撃。
Buy,買う
OR,または
Sell,売る
Info,情報
Owned,所持数
Buying: ,購入: 
Selling: ,売却: 
+2 Squad Capacity,部隊キャパシティ +2
-25% Dark Resist,闇耐性 -25％
"Leader gets extra turn, followers deal",リーダーは追加のターンを獲得し、部下は
 , 
-25% damage,与ダメージ -25％
+25% Damage dealt to larger Squads,大規模部隊へのダメージ +25％
-25% Damage dealt to smaller Squads,小規模部隊へのダメージ -25％
+5% Evasion,回避率 +5％
+50% Damage to Dragons,ドラゴンへのダメージ +50％
+15% Damage to Cavalry,騎兵へのダメージ +15％
+10% Dark Resist,闇耐性 +10％
-100% Magic,魔法 -100％
Squad can Ambush,部隊は奇襲できる
+25% Damage dealt to Boss Squads,ボス部隊へのダメージ +25％
Only applies to Human targets,人間のターゲットにのみ適用
+20% Healing Power in combat,戦闘時のヒーリング効果 +20％
+15% Hit Rate,命中率 +15％
+5 Squad Capacity,部隊キャパシティ +5
Archery attacks bypass wall and,弓攻撃は
woods defenses,壁と森を無視する
Squad deals +20% damage when,壁の上から下へ攻撃する時、
attacking from wall to non-wall,部隊の与ダメージ +20％
+10% Out of combat Healing Power,戦闘外のヒーリング効果 +10％
+25% Dark Resist,闇耐性 +25％
+3 Squad Capacity,部隊キャパシティ +3
-15% damage taken on defense,守備側の時、被ダメージ -15％
No movement penalty in Woods,森の移動ペナルティなし
+3% Evasion,回避率 +3％
-25% damage taken from Swords,剣の被ダメージ -25％
-35% Damage taken from Archery,弓の被ダメージ -35％
-35% Damage taken from Firearms,火器の被ダメージ -35％
-10% Damage taken from Dragons,ドラゴンからの被ダメージ -10％
Gain STR for every point of MAG,MAGのポイント分STRを獲得
MAG is set to zero,MAGがゼロになる
-15% Damage taken from Firearms,火器の被ダメージ -15％
-15% Damage taken from Archery,弓の被ダメージ -15％
Front row takes -25% damage,前線の被ダメージ -25％
Squad is locked at 'Fearful' Morale,部隊の士気が「緊張」で固定される
Defeated enemies Surrender if able,敗北した敵は、可能なら降伏する
+7% Evasion,回避率 +7％
Immune to Magical Stun effect,魔法によるスタンを無効化
Melee attackers can attack up walls,近接攻撃ユニットは壁の上を攻撃可
Squad is more likely to be attacked,この部隊が攻撃される可能性が上がる
"+2 Move Points, but starts with",移動力 +2、
less Morale,しかし士気は低下
+4 Squad Capacity,部隊キャパシティ +4
One free heal per battle,戦闘ごとに1回の無償ヒーリング
33% Chance to have a second turn,再行動の可能性33％
5% Hit and Evasion for the entire,全部隊の
Army while Squad is deployed,命中と回避 +5％
Gain double XP and CP from combat,戦闘で獲得するXPとCPが2倍に
Gain HP from kills,敵を倒すとHP回復
Take 10% HP damage per Phase,フェイズごとに10％のHPダメージ
Double item drop rate from battles,戦闘でのアイテムドロップ率2倍
Immune to Critical Hits,クリティカルヒットを受けない
-1 Squad Movement,部隊の移動力 -1
Always attack first when defending,守備側の時、常に先制攻撃する
Does not work when being Ambushed,奇襲された時は無効
Only works 3 times per phase,フェイズごとに3回のみ有効
Deal +25% damage on defense,守備側の時、与ダメージ +25％
Greatly reduce chance to be,クリティカルヒット率を
critically hit,大幅に減少させる
Inflict Chill on enemy Squad,戦闘開始時
at start of battle,敵部隊を凍結状態にする
Squad heals 10% each player phase,部隊はプレーヤーフェイズごとに10％回復する
Squad ignores enemy defense,部隊は敵の壁や砦による
Squad takes no damage from,部隊はダメージ床から
hazard tiles,ダメージを受けなくなる
-25% Fire Damage taken,炎の被ダメージ -25％
Squad ignores Zones of Control,部隊は支配領域を無視する
+10% Evasion,回避率 +10％
Lucky Trait to all units in Squad,部隊の全ユニットに強運の特性がつく
Squad is now Flying movement,部隊の移動タイプが「飛行」になる
Squad Threat is reduced to 0,部隊の脅威が0になる
Squad can now move after actions,部隊はアクションの後に移動可能になる
post-action move if already Cavalry,すでに騎兵なら、アクション後移動
+50% HP of summoned Undead,召喚したアンデッドのHP +50％
Squad is immune to Stealth Attacks,部隊はステルス攻撃を受けなくなる
Gain SKL for every point of MAG,MAGのポイント分SKLを獲得
Light Infantry costs -2 Capacity,軽装歩兵のキャパシティ -2
Cost:,コスト:
Unlock this tech?,この技術をアンロックしますか？
Obtain: ,獲得: 
Sell For: ,売値: 
Set the main volume level,メイン音量を設定します
Set the music volume level,BGM音量を設定します
Set the volume level for sound effects,サウンドエフェクト音量を設定します
Set the volume for voice clips,ボイスの音量を設定します
Cursor moves quickly on the tactical map,戦闘画面でのカーソル移動の速度を設定します
Show text all at once,テキストを一度に表示します
Enable Tutorials,チュートリアルの有無を設定します
Allow mouse navigation,マウスナビゲーションを設定します
Highlight target tile for mouse navigation,マウスナビゲーションのターゲットマスを強調表示します
Toggle Fullscreen,スクリーンサイズを切り替えます
Change the difficult level of enemies\NEWLINEThis will affect all enemy stats,難易度を変更します\NEWLINEこれを行うと、すべての敵に影響が出ます
Leave the current chapter\NEWLINEProgress will be reset,現在の章を離れます\NEWLINE進行状況はリセットされます
Leave the current chapter\NEWLINEEnemies will respawn,現在の章を離れます\NEWLINE倒れた敵は復活します
Exit the game\NEWLINEUnsaved progress will be lost,ゲームを終了します\NEWLINEセーブされていない内容は失われます
Restore settings to default,設定をデフォルトに戻します
Set the battle speed,戦闘のスピードを設定します
Toggle viewing battle scene,戦闘シーンの表示の有無を設定します
Non-story characters incapacitated after a mission are lost forever.\NEWLINETheir resources will be refunded.,ミッションの後、戦闘不能の非重要キャラクターは永久除隊されます。\NEWLINEそのユニットに費やした資源は返却されます。
"Enables passive XP, CP, and LDR growth for units that are far behind.\NEWLINEApplies to deployed squads for story missions, all units for Arena.",レベルが極端に低いユニットのXP、CP、LDR獲得を有効にします。\NEWLINE各章の出撃部隊や闘技場の全ユニットに適用されます。
Select from preset window size options,プリセットウィンドウサイズオプションから選択します
Allows the game client to be resized by using mouse.\NEWLINERequires Restart.,ゲームクライアントがマウスでサイズを変更できるようにします。\NEWLINEゲームの再起動が必要になります。
Precisely scales pixels at integer multiples.\NEWLINERequires Restart.,ピクセルを整数倍で正確にスケーリングします。\NEWLINEゲームの再起動が必要になります。
"If Integer Scaling is enabled, upscales from the closest integer multiple.\NEWLINERequires Restart",整数スケーリングが有効な場合、最も近い整数倍から拡大します。\NEWLINEゲームの再起動が必要になります。
Uses linear interpolation to upscale in-game images where possible.\NEWLINE(Recommended: Enabled) Requires Restart,線形補間を使用し、可能な場合はゲーム内画像を拡大します。\NEWLINE（「有効」を推奨）ゲームの再起動が必要になります。
Workaround for graphics drivers that don't sync texture access.\NEWLINEUse if letters fail to print sometimes.,テクスチャアクセスを同期しないグラフィックドライバーへの回避策。\NEWLINE文字がうまく表示されない場合に使用します。
"Enables framebuffer blittling if the driver is capable of it.\NEWLINEImages may render slightly faster, but incompatible with certain graphics cards. (Default: Disabled)",ドライバーが対応している場合、フレームバッファーの縮小を有効にします。\NEWLINE画像レンダリングが速くなる可能性がありますが、一部のグラフィックカードとは互換性がありません。（デフォルトでは無効）
LEVEL UP!,レベルアップ！
Class Mastery Up!,クラス熟練度アップ！
Surrender!,降伏！
Retreat!,撤退！
PROMOTE!,昇格！
GOLDEN!,黄金昇格！
Trait Learned!,特性習得！
MaxHp up!,最大HPアップ！
Faction,勢力
Rank up!,ランクアップ！
Loyalty up!,忠誠アップ！
Got Proof,功績の証明書
of Merit!,ゲット
NO,いいえ
SURRENDER,降伏
Exchange,交換
Unlocked!,アンロック！
"All squads on all teams within 3 tiles,",3マス以内にいる両軍全部隊の
take 15% more damage,被ダメージが15％増加する
UPGRADES TO:,アップグレード:
Starring...,英雄たちのその後...
Original Soundtrack by:,オリジナルサウンドトラック:
Voices by:,ボイス:
Additional Art by:,一部のアート:
Additional Contributions,その他の貢献者
Special Thanks,スペシャルサンクス
I mean this from the bottom of my heart.,心の底から言わせてください。
Thank you for playing.,最後までプレイしていただき、本当にありがとうございました。
"If you are reading this, you have impacted our",ここまでゲームを楽しんでくださったあなたは、
lives in a very special way. I hope you'll,私たちに特別な喜びを与えてくださいました。
continue with our journey to bring our,どうかこれからも、私たちの夢に
dreams to life.,お付き合いいただけると幸いです。
In loving memory,愛の思い出によせて
Moves 6 tiles base,基本移動6マス
"Archetypes: Heavy Infantry, Archery, Firearms",タイプ:重装歩兵、弓兵、火器兵
Moves 5 tiles base,基本移動5マス
"Archetypes: Support, Magicians",タイプ:サポート、魔法使い
Movement Bonus Indoors,屋内移動ボーナス
Unimpeded by rough terrain,荒れた地形に妨害されない
Archetypes: Light Infantry,タイプ:軽装歩兵
Moves 7 tiles base,基本移動7マス
Movement Bonus in Open Terrain,開けた地形で移動ボーナス
Can Initiate Charge Attacks/Ambush,突撃攻撃/奇襲可
Archetypes: Light Cavalry,タイプ:軽装騎兵
Can Initiate Charge Attacks,突撃攻撃可
Archetypes: Heavy Cavalry,タイプ:重装騎兵
Unimpeded by all terrain,あらゆる地形に妨害されない
Immune to Hazard Damage,ダメージ床無効
Archetypes: Dragon Riders,タイプ:竜騎兵
OBJECTIVE CAPTURED!,目標占領
Player Phase,自軍のターン
Enemy Phase,敵軍のターン
Ally Phase,友軍のターン
Empire of Veridia,ベリディア帝国
Donari Temple,ドナー神殿
Followers of Zanatus,ザナトゥス教団
Diana's Rebellion,ダイアナの反乱軍
Nephilim Army,ネフィリム軍
Duchy of Isanter,イサンテル軍
Lysander,ライサンダー
Antares Rebellion,アンタレスの反乱軍
Tidereaver Pirates,タイドリーバー
Duchy of Rimorgue,リモーグ軍
Empire of Archaelus,アルケロス帝国
Kingdom of Sayunaa,サユナー王国
"Basic Light Infantry. Can Ambush, and gets a significant SKL bonus while fighting in Rough terrain.",基本軽装歩兵。奇襲が可能で、荒い地形での戦闘する時、SKLが大幅に上がる。
Acolyte,アコライト
Challenge this arena?,この闘技場に挑戦しますか？
"bonus from Walls, Forts, and Bases",壁、砦、基地からのボーナス
Dark Knight,ダークナイト
General,ジェネラル
Azure King,アズーリキング
Lord,ロード
Archmage,アークメイジ
Mirage,ミラージュ
Exemplar,イグザンプラー
Lead Design,チーフデザイン
Lead Engineer,チーフエンジニア
Lead Artists,チーフアーティスト
Antares arrives at Armitage,アンタレスがアーミテージに到達する
Antares is defeated in battle,アンタレスが戦闘で倒される
Survive for 20 turns,20ターン生き残る
OR Seize Ezrum,またはエズラムを占領する
Antares is defeated in battle OR,アンタレスが戦闘で倒されるか、
Fort Eureeka is seized by the enemy OR,エウレカ砦が敵に占領されるか、
Stormrook is seized by the enemy,ストームルークが敵に占領される
Raskuja reaches the Treasure Vault,ラスクージャが金庫室に到達する
Raskuja is defeated in battle,ラスクージャが戦闘で倒される
Defeat all enemies,すべての敵を倒す
Jaromir is defeated in battle,ジャロミールが戦闘で倒される
Destroy all invading undead,すべての敵アンデッドを倒す
Jaromir is defeated in battle OR,ジャロミールが戦闘で倒されるか、
Enemy seizes Embor Palace,エンボーの宮殿が敵に占領される
Beatrix reaches the Helios Master Archive,ベアトリクスがヘリオスの記録保管所に到達する
Beatrix is defeated in battle,ベアトリクスが戦闘で倒される
Razehl escapes prison,ラゼールが牢獄を脱出する
Razehl is defeated in battle,ラゼールが戦闘で倒される
Rescue all 3 Dragon Eggs,3つのドラゴンの卵を集める
\\N[8] is defeated in battle OR,\\N[8]が戦闘で倒されるか、
Enemy seizes Fort Sairaa,サイラー砦が敵に占領される
Increases lowest stat growth rate by %50,最低ステータス成長率が50％増加する
Maverick,異端児
Wide Guard,広範防御
Cover and Block extend an extra half tile in each direction,カバーとブロックが、各方向に半マス分拡張される
Pacifist,平和主義
Unit both takes and deals -25% damage,ユニットの被ダメージと与ダメージのいずれも -25％
Barricade,封鎖
Other Units in same row have increased defense power,同列の他のユニットの防御力が増加する
Rally,団結
Other Units in same row have increased attack power,同列の他のユニットの攻撃力が増加する
Liberator,解放者
Gain an extra turn after Seize Objective,目標を占領すると、追加ターンを獲得する
Benevolent,慈悲
+%50 LDR growth from Surrenders,降伏によるLDRの増加率 +50％
Switches to classic style portraits.,従来のキャラ画像に切り替えます。
Uses a bitmap font for better readability on high res screens.,高解像度画面で読みやすくするために、ビットマップフォントを使用します。
Arbalest,アルバレスト
Archery class that fires 3x slightly weaker bolts and resists enemy ranged attacks.,やや弱めの矢を3発発射し、敵の遠距離攻撃に耐性を持つ弓兵クラス。
War Cat,ウォーキャット
Light Infantry Large Beast that attacks in a wide arc. Increased Critical chance during Night.,広範囲を攻撃する軽装歩兵の獣人。夜に攻撃する時、クリティカル率が増加する。
Behemoth,ベヒーモス
Upgrade to War Cat that gains the ability to bypass blocking when attacking from high ground to lower ground.,ウォーキャットにアップグレードすると、高所から低所へ攻撃する際にブロックを無視する。
Necromancer,ネクロマンサー
Magician that steals life to heal themselves and allies. Summons Risen. Greatly increases Unlife Essence accumulation.,敵の生命力を奪い、自分と仲間を癒す魔法使い。アンデッドを召喚する。不死のエッセンスの蓄積量が大幅に増加する。
Oracle,オラクル
Support class that casts a shield on all allies at the start of battle.,戦闘開始時に味方全体にシールドを張るサポートクラス。
Field Cannon,フィールドキャノン
Firearms. Can only attack on offense. Attacks from up to 3 tiles away. Cavalry movement type.,火器ユニット。攻め手の時のみ、最大3マス離れた位置から攻撃可能。移動タイプは騎兵。
Dark Mage,ダークメイジ
Magician class that attacks in a large area. Has a chance to supress healing to targeted enemies.,広範囲を攻撃する魔法使いクラス。一定確率でターゲットのヒーリングを妨害する。
Queen of Dragons,ドラゴンクイーン
"Fusion of Abigayle and Azuros. Flying unit. Can heal allies, and use a powerful breath attack.",アビゲイルとアズロスの融合クラス。飛行ユニット。味方を回復したり、強力なブレス攻撃を使用できる。
Switches to classic style portraits.,従来のキャラ画像に切り替えます。
Uses a bitmap font for better readability on high res screens.,高解像度画面で読みやすくするために、ビットマップフォントを使用します。
Attacks ignore 20% of Armor,攻撃は装甲の20％を無視する
Complete Main Story Chapter 4 to unlock!,メインストーリーの第4章をクリアすると、アンロックされます！
Complete Main Story Chapter 11 and Legends Chapter 1A to unlock!,メインストーリーの第11章と伝説の第1A章をクリアすると、アンロックされます！
Complete Main Story Chapter 8 to unlock!,メインストーリーの第8章をクリアすると、アンロックされます！
Complete Main Story Chapter 9 to unlock!,メインストーリーの第9章をクリアすると、アンロックされます！
Complete Main Story Chapter 18 and Legends Chapter 3A to unlock!,メインストーリーの第18章と伝説の第3A章をクリアすると、アンロックされます！
Complete Main Story Chapter 11 to unlock!,メインストーリーの第11章をクリアすると、アンロックされます！
Complete Main Story Chapter 6 to unlock!,メインストーリーの第6章をクリアすると、アンロックされます！
Complete Main Story Chapter 23 and Gaiden 20-B to unlock!,メインストーリーの第23章と外伝20-B章をクリアすると、アンロックされます！
Strider,ストライダー
Infiltrator,インフィルトレーター
Scion of Donar,ドナーの末裔
Cleric,クレリック
Savior,セイビアー
Avatar of Donar,ドナーの化身
Hero's Heavy Infantry class.,ヒーローの重装歩兵クラス。
Hero's Light Stealth class.,ヒーローの軽装ステルスクラス。
Hero's Healer class.,ヒーローのヒーラークラス。
Turns Taken,ターン経過
Kills,撃破数
Surrenders,降伏数
Defeats,敗北数
Warfarer's Boots,旅人のブーツ
Shuffle becomes a free action,位置交換がフリーアクションになる
Duelist's Contract,決闘者の契約書
All units on both teams get +1 attack at 1 range,両軍の全ユニットの攻撃+1、射程+1
Do-It-Yourself Bandage,自力応急処置
Map heals are a free action,マップ回復がフリーアクションになる
Emperor's Missive,皇帝の書状
Tier 1 Units take 50% damage,ティア1ユニットは50％のダメージを受ける
Donari Charm,ドナーのお守り
2 additional Map Heal charges,マップ回復が2回分追加される
Commoner's Goblet,平民のゴブレット
Non-story squad leaders only,非重要人物のリーダーのみ装備可
Can only be equipped on Squads not led by story characters,ストーリー上の重要キャラが率いていない部隊のみ装備できる
Tailored Great Helm,特注の大兜
2 additional Armor per unit archetype in Squad,部隊のユニット原型タイプ1つごとに装甲+2
Thorny Charm,トゲトゲのお守り
Every Unit in Squad will resist 1 status effect per combat,部隊内の全ユニットは、戦闘ごとに1つのステータス効果から守られる
Raid Captain,襲撃隊長
-2 Capacity cost for Light Melee classes,軽装近接クラスのキャパシティコスト -2
"Magician class that attacks in a large area. Lowers effectiveness of heals, Mage and Dragon attacks.",広い範囲を攻撃する魔法使いクラス。ヒーリング、およびメイジ、ドラゴンの攻撃の威力を低下させる。
Bow Specialist,弓の達人
Increased damage to support/mages at range,遠距離攻撃でのサポート/魔法使いに対するダメージが増加する
Armor Specialist,守りの達人
Reduces all incoming damage to the squad while on defense,防御時に、部隊の全被ダメージを軽減する
Spear Specialist,槍の達人
Enitre squad takes less damage and deals more damage to cavalry units,部隊の全被ダメージが減り、騎兵ユニットに対する与ダメージが増加する
Anti-Magic Specialist,対魔の達人
Healer Specialist,治癒の達人
Squad recovers some HP at the beginning of player phase.,部隊はプレーヤーターンの開始時に、HPをいくらか回復する。
Assassin Specialist,暗殺の達人
Squad gains increased Critical Hit chance while on offense,攻撃時、部隊のクリティカルヒット率が上がる
Bombardment Specialist,狙撃の達人
Squad's long range attacks are much less random,部隊が遠距離攻撃する時、そのランダム性が大幅に低下する
Raid Specialist,襲撃の達人
Entire squad gains a large boost to SKL while attacking from rough terrain,荒れた地形からの攻撃時、部隊全体のSKLが大幅に上がる
Rush Specialist,突進の達人
Entire squad gains a bonus to SKL based on how far they moved this turn,部隊は、各ターンの移動距離に応じてSKLボーナスを獲得する
Charge Specialist,突撃の達人
Entire squad gains a damage bonus if the squad is charging,部隊が突撃する時、部隊の全員がダメージボーナスを獲得する
Save Clear Data?,セーブデータを消去しますか？
Reduces Magic damage taken,魔法による被ダメージを軽減する
Heavy Polearm Risen minion.,槍使いのアンデッドユニット。
Heavy Infantry Risen minion.,重装歩兵のアンデッドユニット。
Skirmisher style Risen minion.,スカーミッシャースタイルのアンデッドユニット。
Archery Risen minion.,弓兵のアンデッドユニット。
Champion style Risen minion.,チャンピオンスタイルのアンデッドユニット。
"Abigayle's ultimate form. Flying unit. Can heal allies, and use a powerful breath attack.",アビゲイルの究極形態。飛行ユニット。味方を回復したり、強力なブレス攻撃を使用できる。
Allows and increases acquisition of Unlife,アンデッドの獲得を可能にし、増加させる
Jaromir - Ragavi: Donar's Mercy,ジャロミール - ラガヴィ: ドナーの慈悲
Jaromir - Ragavi: Death before regret,ジャロミール - ラガヴィ: 後悔と死
Abigayle - Diana: Lost to time,アビゲイル - ダイアナ: 時の導き
"25 years in the past, the War of Veridian Succession is at its climax. Captain Antares takes point in a critical moment.",本編より25年前、ベリディア継承戦争は佳境を迎えていた。 その歴史的決戦の鍵を握るのが、アンタレス隊長だ。
"Florina's claim has been announced, causing a backlash. Captain Antares will again be called upon to bring peace and order to Veridia.",フロリーナの即位が発表されると、それに対する反発の動きもすぐさま広がった。 アンタレス隊長は、再度ベリディアを平定させる戦いに赴くことになる...
Explore Raskuja's mercenary origins as part of a squad of ship-raiders.,タイドリーバーの一員となり、ラスクージャの過去を共に経験しよう。
The eastern extremes of Embor define the outer edge of the Empire of Veridia. Duke Jaromir finds himself in a position to be Veridia's Bulwark against a terrifying new foe.,エンボー公国の東部は、ベリディア帝国の国境線にあたる。ジャロミール公爵はその日、自分の国が新たなる脅威への防波堤とならなければならぬことに気づくのだった。
Duke Jaromir returns home to find that his battle with the undead menace is far from over.,宮殿に帰ったジャロミール公爵に、アンデッドの魔の手が再び忍び寄る...
"Explore the origins of the powerful mage, Beatrix, as she infiltrates a secret facility operated by the Cult of Zanatus.",ザナトゥス教団の秘密の施設に潜入し、大魔導士ベアトリクスを巡る謎を解き明かそう。
One does not simply become a master assassin for no reason. A Sayunaari prison complex holds the secrets to one man's destiny.,サユナーの地下牢にて、世を恐怖に陥れた最強の暗殺者の、知られざる過去の物語を体験しよう...
Azuros has warned of a dire situation in the deserts of Sayunaa. The Nephilim Army hears the call to find a powerful Imperial army waiting.,アズロスはサユナーの砂漠の危険な状況について告げる。ネフィリム軍は、待ち受ける帝国の大軍と対峙することになるのだった...
Damage bonus against Heavy Units.,重装ユニットに対する与ダメージが増加する。
Anti-Armor Specialist,装甲破りの達人
The New Game+ feature requires a clear save. Beat the boss once to create a clear save!,New Game+ ???????????????????1???????????????????
Enemies will avoid targeting this Squad if possible,????????????????????????????
